"","Chemical","Sample_Size","Power"
"1","URXOP2",10,0.39
"2","URXOP2",11,0.392
"3","URXOP2",12,0.394
"4","URXOP2",13,0.396
"5","URXOP2",14,0.398
"6","URXOP2",15,0.4
"7","URXOP2",16,0.402
"8","URXOP2",17,0.404
"9","URXOP2",18,0.406
"10","URXOP2",19,0.408
"11","URXOP2",20,0.41
"12","URXOP2",21,0.434
"13","URXOP2",22,0.458
"14","URXOP2",23,0.482
"15","URXOP2",24,0.506
"16","URXOP2",25,0.53
"17","URXOP2",26,0.554
"18","URXOP2",27,0.578
"19","URXOP2",28,0.602
"20","URXOP2",29,0.626
"21","URXOP2",30,0.65
"22","URXOP2",31,0.651
"23","URXOP2",32,0.652
"24","URXOP2",33,0.653
"25","URXOP2",34,0.654
"26","URXOP2",35,0.655
"27","URXOP2",36,0.656
"28","URXOP2",37,0.657
"29","URXOP2",38,0.658
"30","URXOP2",39,0.659
"31","URXOP2",40,0.66
"32","URXOP2",41,0.671
"33","URXOP2",42,0.682
"34","URXOP2",43,0.693
"35","URXOP2",44,0.704
"36","URXOP2",45,0.715
"37","URXOP2",46,0.726
"38","URXOP2",47,0.737
"39","URXOP2",48,0.748
"40","URXOP2",49,0.759
"41","URXOP2",50,0.77
"42","URXOP2",51,0.784
"43","URXOP2",52,0.798
"44","URXOP2",53,0.812
"45","URXOP2",54,0.826
"46","URXOP2",55,0.84
"47","URXOP2",56,0.854
"48","URXOP2",57,0.868
"49","URXOP2",58,0.882
"50","URXOP2",59,0.896
"51","URXOP2",60,0.91
"52","URXOP2",61,0.912
"53","URXOP2",62,0.914
"54","URXOP2",63,0.916
"55","URXOP2",64,0.918
"56","URXOP2",65,0.92
"57","URXOP2",66,0.922
"58","URXOP2",67,0.924
"59","URXOP2",68,0.926
"60","URXOP2",69,0.928
"61","URXOP2",70,0.93
"62","URXOP2",71,0.933
"63","URXOP2",72,0.936
"64","URXOP2",73,0.939
"65","URXOP2",74,0.942
"66","URXOP2",75,0.945
"67","URXOP2",76,0.948
"68","URXOP2",77,0.951
"69","URXOP2",78,0.954
"70","URXOP2",79,0.957
"71","URXOP2",80,0.96
"72","URXOP2",81,0.963
"73","URXOP2",82,0.966
"74","URXOP2",83,0.969
"75","URXOP2",84,0.972
"76","URXOP2",85,0.975
"77","URXOP2",86,0.978
"78","URXOP2",87,0.981
"79","URXOP2",88,0.984
"80","URXOP2",89,0.987
"81","URXOP2",90,0.99
"82","URXOP2",91,0.991
"83","URXOP2",92,0.992
"84","URXOP2",93,0.993
"85","URXOP2",94,0.994
"86","URXOP2",95,0.995
"87","URXOP2",96,0.996
"88","URXOP2",97,0.997
"89","URXOP2",98,0.998
"90","URXOP2",99,0.999
"91","URXOP2",100,1
"92","URXOP2",101,0.999
"93","URXOP2",102,0.998
"94","URXOP2",103,0.997
"95","URXOP2",104,0.996
"96","URXOP2",105,0.995
"97","URXOP2",106,0.994
"98","URXOP2",107,0.993
"99","URXOP2",108,0.992
"100","URXOP2",109,0.991
"101","URXOP2",110,0.99
"102","URXOP2",111,0.991
"103","URXOP2",112,0.992
"104","URXOP2",113,0.993
"105","URXOP2",114,0.994
"106","URXOP2",115,0.995
"107","URXOP2",116,0.996
"108","URXOP2",117,0.997
"109","URXOP2",118,0.998
"110","URXOP2",119,0.999
"111","URXOP2",120,1
"112","URXOP2",121,1
"113","URXOP2",122,1
"114","URXOP2",123,1
"115","URXOP2",124,1
"116","URXOP2",125,1
"117","URXOP2",126,1
"118","URXOP2",127,1
"119","URXOP2",128,1
"120","URXOP2",129,1
"121","URXOP2",130,1
"122","URXOP2",131,1
"123","URXOP2",132,1
"124","URXOP2",133,1
"125","URXOP2",134,1
"126","URXOP2",135,1
"127","URXOP2",136,1
"128","URXOP2",137,1
"129","URXOP2",138,1
"130","URXOP2",139,1
"131","URXOP2",140,1
"132","URXOP2",141,1
"133","URXOP2",142,1
"134","URXOP2",143,1
"135","URXOP2",144,1
"136","URXOP2",145,1
"137","URXOP2",146,1
"138","URXOP2",147,1
"139","URXOP2",148,1
"140","URXOP2",149,1
"141","URXOP2",150,1
"142","URXOP2",151,1
"143","URXOP2",152,1
"144","URXOP2",153,1
"145","URXOP2",154,1
"146","URXOP2",155,1
"147","URXOP2",156,1
"148","URXOP2",157,1
"149","URXOP2",158,1
"150","URXOP2",159,1
"151","URXOP2",160,1
"152","URXOP2",161,1
"153","URXOP2",162,1
"154","URXOP2",163,1
"155","URXOP2",164,1
"156","URXOP2",165,1
"157","URXOP2",166,1
"158","URXOP2",167,1
"159","URXOP2",168,1
"160","URXOP2",169,1
"161","URXOP2",170,1
"162","URXOP2",171,1
"163","URXOP2",172,1
"164","URXOP2",173,1
"165","URXOP2",174,1
"166","URXOP2",175,1
"167","URXOP2",176,1
"168","URXOP2",177,1
"169","URXOP2",178,1
"170","URXOP2",179,1
"171","URXOP2",180,1
"172","URXOP2",181,1
"173","URXOP2",182,1
"174","URXOP2",183,1
"175","URXOP2",184,1
"176","URXOP2",185,1
"177","URXOP2",186,1
"178","URXOP2",187,1
"179","URXOP2",188,1
"180","URXOP2",189,1
"181","URXOP2",190,1
"182","URXOP2",191,1
"183","URXOP2",192,1
"184","URXOP2",193,1
"185","URXOP2",194,1
"186","URXOP2",195,1
"187","URXOP2",196,1
"188","URXOP2",197,1
"189","URXOP2",198,1
"190","URXOP2",199,1
"191","URXOP2",200,1
"192","URXOP2",201,1
"193","URXOP2",202,1
"194","URXOP2",203,1
"195","URXOP2",204,1
"196","URXOP2",205,1
"197","URXOP2",206,1
"198","URXOP2",207,1
"199","URXOP2",208,1
"200","URXOP2",209,1
"201","URXOP2",210,1
"202","URXOP2",211,1
"203","URXOP2",212,1
"204","URXOP2",213,1
"205","URXOP2",214,1
"206","URXOP2",215,1
"207","URXOP2",216,1
"208","URXOP2",217,1
"209","URXOP2",218,1
"210","URXOP2",219,1
"211","URXOP2",220,1
"212","URXOP2",221,1
"213","URXOP2",222,1
"214","URXOP2",223,1
"215","URXOP2",224,1
"216","URXOP2",225,1
"217","URXOP2",226,1
"218","URXOP2",227,1
"219","URXOP2",228,1
"220","URXOP2",229,1
"221","URXOP2",230,1
"222","URXOP2",231,1
"223","URXOP2",232,1
"224","URXOP2",233,1
"225","URXOP2",234,1
"226","URXOP2",235,1
"227","URXOP2",236,1
"228","URXOP2",237,1
"229","URXOP2",238,1
"230","URXOP2",239,1
"231","URXOP2",240,1
"232","URXOP2",241,1
"233","URXOP2",242,1
"234","URXOP2",243,1
"235","URXOP2",244,1
"236","URXOP2",245,1
"237","URXOP2",246,1
"238","URXOP2",247,1
"239","URXOP2",248,1
"240","URXOP2",249,1
"241","URXOP2",250,1
"242","URXOP2",251,1
"243","URXOP2",252,1
"244","URXOP2",253,1
"245","URXOP2",254,1
"246","URXOP2",255,1
"247","URXOP2",256,1
"248","URXOP2",257,1
"249","URXOP2",258,1
"250","URXOP2",259,1
"251","URXOP2",260,1
"252","URXOP2",261,1
"253","URXOP2",262,1
"254","URXOP2",263,1
"255","URXOP2",264,1
"256","URXOP2",265,1
"257","URXOP2",266,1
"258","URXOP2",267,1
"259","URXOP2",268,1
"260","URXOP2",269,1
"261","URXOP2",270,1
"262","URXOP2",271,1
"263","URXOP2",272,1
"264","URXOP2",273,1
"265","URXOP2",274,1
"266","URXOP2",275,1
"267","URXOP2",276,1
"268","URXOP2",277,1
"269","URXOP2",278,1
"270","URXOP2",279,1
"271","URXOP2",280,1
"272","URXOP2",281,1
"273","URXOP2",282,1
"274","URXOP2",283,1
"275","URXOP2",284,1
"276","URXOP2",285,1
"277","URXOP2",286,1
"278","URXOP2",287,1
"279","URXOP2",288,1
"280","URXOP2",289,1
"281","URXOP2",290,1
"282","URXOP2",291,1
"283","URXOP2",292,1
"284","URXOP2",293,1
"285","URXOP2",294,1
"286","URXOP2",295,1
"287","URXOP2",296,1
"288","URXOP2",297,1
"289","URXOP2",298,1
"290","URXOP2",299,1
"291","URXOP2",300,1
"292","URXOP2",301,1
"293","URXOP2",302,1
"294","URXOP2",303,1
"295","URXOP2",304,1
"296","URXOP2",305,1
"297","URXOP2",306,1
"298","URXOP2",307,1
"299","URXOP2",308,1
"300","URXOP2",309,1
"301","URXOP2",310,1
"302","URXOP2",311,1
"303","URXOP2",312,1
"304","URXOP2",313,1
"305","URXOP2",314,1
"306","URXOP2",315,1
"307","URXOP2",316,1
"308","URXOP2",317,1
"309","URXOP2",318,1
"310","URXOP2",319,1
"311","URXOP2",320,1
"312","URXOP2",321,1
"313","URXOP2",322,1
"314","URXOP2",323,1
"315","URXOP2",324,1
"316","URXOP2",325,1
"317","URXOP2",326,1
"318","URXOP2",327,1
"319","URXOP2",328,1
"320","URXOP2",329,1
"321","URXOP2",330,1
"322","URXOP2",331,1
"323","URXOP2",332,1
"324","URXOP2",333,1
"325","URXOP2",334,1
"326","URXOP2",335,1
"327","URXOP2",336,1
"328","URXOP2",337,1
"329","URXOP2",338,1
"330","URXOP2",339,1
"331","URXOP2",340,1
"332","URXOP2",341,1
"333","URXOP2",342,1
"334","URXOP2",343,1
"335","URXOP2",344,1
"336","URXOP2",345,1
"337","URXOP2",346,1
"338","URXOP2",347,1
"339","URXOP2",348,1
"340","URXOP2",349,1
"341","URXOP2",350,1
"342","URXOP2",351,1
"343","URXOP2",352,1
"344","URXOP2",353,1
"345","URXOP2",354,1
"346","URXOP2",355,1
"347","URXOP2",356,1
"348","URXOP2",357,1
"349","URXOP2",358,1
"350","URXOP2",359,1
"351","URXOP2",360,1
"352","URXOP2",361,1
"353","URXOP2",362,1
"354","URXOP2",363,1
"355","URXOP2",364,1
"356","URXOP2",365,1
"357","URXOP2",366,1
"358","URXOP2",367,1
"359","URXOP2",368,1
"360","URXOP2",369,1
"361","URXOP2",370,1
"362","URXOP2",371,1
"363","URXOP2",372,1
"364","URXOP2",373,1
"365","URXOP2",374,1
"366","URXOP2",375,1
"367","URXOP2",376,1
"368","URXOP2",377,1
"369","URXOP2",378,1
"370","URXOP2",379,1
"371","URXOP2",380,1
"372","URXOP2",381,1
"373","URXOP2",382,1
"374","URXOP2",383,1
"375","URXOP2",384,1
"376","URXOP2",385,1
"377","URXOP2",386,1
"378","URXOP2",387,1
"379","URXOP2",388,1
"380","URXOP2",389,1
"381","URXOP2",390,1
"382","URXOP2",391,1
"383","URXOP2",392,1
"384","URXOP2",393,1
"385","URXOP2",394,1
"386","URXOP2",395,1
"387","URXOP2",396,1
"388","URXOP2",397,1
"389","URXOP2",398,1
"390","URXOP2",399,1
"391","URXOP2",400,1
"392","URXOP2",401,1
"393","URXOP2",402,1
"394","URXOP2",403,1
"395","URXOP2",404,1
"396","URXOP2",405,1
"397","URXOP2",406,1
"398","URXOP2",407,1
"399","URXOP2",408,1
"400","URXOP2",409,1
"401","URXOP2",410,1
"402","URXOP2",411,1
"403","URXOP2",412,1
"404","URXOP2",413,1
"405","URXOP2",414,1
"406","URXOP2",415,1
"407","URXOP2",416,1
"408","URXOP2",417,1
"409","URXOP2",418,1
"410","URXOP2",419,1
"411","URXOP2",420,1
"412","URXOP2",421,1
"413","URXOP2",422,1
"414","URXOP2",423,1
"415","URXOP2",424,1
"416","URXOP2",425,1
"417","URXOP2",426,1
"418","URXOP2",427,1
"419","URXOP2",428,1
"420","URXOP2",429,1
"421","URXOP2",430,1
"422","URXOP2",431,1
"423","URXOP2",432,1
"424","URXOP2",433,1
"425","URXOP2",434,1
"426","URXOP2",435,1
"427","URXOP2",436,1
"428","URXOP2",437,1
"429","URXOP2",438,1
"430","URXOP2",439,1
"431","URXOP2",440,1
"432","URXOP2",441,1
"433","URXOP2",442,1
"434","URXOP2",443,1
"435","URXOP2",444,1
"436","URXOP2",445,1
"437","URXOP2",446,1
"438","URXOP2",447,1
"439","URXOP2",448,1
"440","URXOP2",449,1
"441","URXOP2",450,1
"442","URXOP2",451,1
"443","URXOP2",452,1
"444","URXOP2",453,1
"445","URXOP2",454,1
"446","URXOP2",455,1
"447","URXOP2",456,1
"448","URXOP2",457,1
"449","URXOP2",458,1
"450","URXOP2",459,1
"451","URXOP2",460,1
"452","URXOP2",461,1
"453","URXOP2",462,1
"454","URXOP2",463,1
"455","URXOP2",464,1
"456","URXOP2",465,1
"457","URXOP2",466,1
"458","URXOP2",467,1
"459","URXOP2",468,1
"460","URXOP2",469,1
"461","URXOP2",470,1
"462","URXOP2",471,1
"463","URXOP2",472,1
"464","URXOP2",473,1
"465","URXOP2",474,1
"466","URXOP2",475,1
"467","URXOP2",476,1
"468","URXOP2",477,1
"469","URXOP2",478,1
"470","URXOP2",479,1
"471","URXOP2",480,1
"472","URXOP2",481,1
"473","URXOP2",482,1
"474","URXOP2",483,1
"475","URXOP2",484,1
"476","URXOP2",485,1
"477","URXOP2",486,1
"478","URXOP2",487,1
"479","URXOP2",488,1
"480","URXOP2",489,1
"481","URXOP2",490,1
"482","URXOP2",491,1
"483","URXOP2",492,1
"484","URXOP2",493,1
"485","URXOP2",494,1
"486","URXOP2",495,1
"487","URXOP2",496,1
"488","URXOP2",497,1
"489","URXOP2",498,1
"490","URXOP2",499,1
"491","URXOP2",500,1
"492","URXOP4",10,0.7
"493","URXOP4",11,0.675
"494","URXOP4",12,0.65
"495","URXOP4",13,0.625
"496","URXOP4",14,0.6
"497","URXOP4",15,0.575
"498","URXOP4",16,0.55
"499","URXOP4",17,0.525
"500","URXOP4",18,0.5
"501","URXOP4",19,0.475
"502","URXOP4",20,0.45
"503","URXOP4",21,0.461
"504","URXOP4",22,0.472
"505","URXOP4",23,0.483
"506","URXOP4",24,0.494
"507","URXOP4",25,0.505
"508","URXOP4",26,0.516
"509","URXOP4",27,0.527
"510","URXOP4",28,0.538
"511","URXOP4",29,0.549
"512","URXOP4",30,0.56
"513","URXOP4",31,0.54
"514","URXOP4",32,0.52
"515","URXOP4",33,0.5
"516","URXOP4",34,0.48
"517","URXOP4",35,0.46
"518","URXOP4",36,0.44
"519","URXOP4",37,0.42
"520","URXOP4",38,0.4
"521","URXOP4",39,0.38
"522","URXOP4",40,0.36
"523","URXOP4",41,0.367
"524","URXOP4",42,0.374
"525","URXOP4",43,0.381
"526","URXOP4",44,0.388
"527","URXOP4",45,0.395
"528","URXOP4",46,0.402
"529","URXOP4",47,0.409
"530","URXOP4",48,0.416
"531","URXOP4",49,0.423
"532","URXOP4",50,0.43
"533","URXOP4",51,0.414
"534","URXOP4",52,0.398
"535","URXOP4",53,0.382
"536","URXOP4",54,0.366
"537","URXOP4",55,0.35
"538","URXOP4",56,0.334
"539","URXOP4",57,0.318
"540","URXOP4",58,0.302
"541","URXOP4",59,0.286
"542","URXOP4",60,0.27
"543","URXOP4",61,0.269
"544","URXOP4",62,0.268
"545","URXOP4",63,0.267
"546","URXOP4",64,0.266
"547","URXOP4",65,0.265
"548","URXOP4",66,0.264
"549","URXOP4",67,0.263
"550","URXOP4",68,0.262
"551","URXOP4",69,0.261
"552","URXOP4",70,0.26
"553","URXOP4",71,0.252
"554","URXOP4",72,0.244
"555","URXOP4",73,0.236
"556","URXOP4",74,0.228
"557","URXOP4",75,0.22
"558","URXOP4",76,0.212
"559","URXOP4",77,0.204
"560","URXOP4",78,0.196
"561","URXOP4",79,0.188
"562","URXOP4",80,0.18
"563","URXOP4",81,0.18
"564","URXOP4",82,0.18
"565","URXOP4",83,0.18
"566","URXOP4",84,0.18
"567","URXOP4",85,0.18
"568","URXOP4",86,0.18
"569","URXOP4",87,0.18
"570","URXOP4",88,0.18
"571","URXOP4",89,0.18
"572","URXOP4",90,0.18
"573","URXOP4",91,0.179
"574","URXOP4",92,0.178
"575","URXOP4",93,0.177
"576","URXOP4",94,0.176
"577","URXOP4",95,0.175
"578","URXOP4",96,0.174
"579","URXOP4",97,0.173
"580","URXOP4",98,0.172
"581","URXOP4",99,0.171
"582","URXOP4",100,0.17
"583","URXOP4",101,0.17
"584","URXOP4",102,0.17
"585","URXOP4",103,0.17
"586","URXOP4",104,0.17
"587","URXOP4",105,0.17
"588","URXOP4",106,0.17
"589","URXOP4",107,0.17
"590","URXOP4",108,0.17
"591","URXOP4",109,0.17
"592","URXOP4",110,0.17
"593","URXOP4",111,0.167
"594","URXOP4",112,0.164
"595","URXOP4",113,0.161
"596","URXOP4",114,0.158
"597","URXOP4",115,0.155
"598","URXOP4",116,0.152
"599","URXOP4",117,0.149
"600","URXOP4",118,0.146
"601","URXOP4",119,0.143
"602","URXOP4",120,0.14
"603","URXOP4",121,0.138
"604","URXOP4",122,0.136
"605","URXOP4",123,0.134
"606","URXOP4",124,0.132
"607","URXOP4",125,0.13
"608","URXOP4",126,0.128
"609","URXOP4",127,0.126
"610","URXOP4",128,0.124
"611","URXOP4",129,0.122
"612","URXOP4",130,0.12
"613","URXOP4",131,0.118
"614","URXOP4",132,0.116
"615","URXOP4",133,0.114
"616","URXOP4",134,0.112
"617","URXOP4",135,0.11
"618","URXOP4",136,0.108
"619","URXOP4",137,0.106
"620","URXOP4",138,0.104
"621","URXOP4",139,0.102
"622","URXOP4",140,0.1
"623","URXOP4",141,0.098
"624","URXOP4",142,0.096
"625","URXOP4",143,0.094
"626","URXOP4",144,0.092
"627","URXOP4",145,0.09
"628","URXOP4",146,0.088
"629","URXOP4",147,0.086
"630","URXOP4",148,0.084
"631","URXOP4",149,0.082
"632","URXOP4",150,0.08
"633","URXOP4",151,0.079
"634","URXOP4",152,0.078
"635","URXOP4",153,0.077
"636","URXOP4",154,0.076
"637","URXOP4",155,0.075
"638","URXOP4",156,0.074
"639","URXOP4",157,0.073
"640","URXOP4",158,0.072
"641","URXOP4",159,0.071
"642","URXOP4",160,0.07
"643","URXOP4",161,0.073
"644","URXOP4",162,0.076
"645","URXOP4",163,0.079
"646","URXOP4",164,0.082
"647","URXOP4",165,0.085
"648","URXOP4",166,0.088
"649","URXOP4",167,0.091
"650","URXOP4",168,0.094
"651","URXOP4",169,0.097
"652","URXOP4",170,0.1
"653","URXOP4",171,0.102
"654","URXOP4",172,0.104
"655","URXOP4",173,0.106
"656","URXOP4",174,0.108
"657","URXOP4",175,0.11
"658","URXOP4",176,0.112
"659","URXOP4",177,0.114
"660","URXOP4",178,0.116
"661","URXOP4",179,0.118
"662","URXOP4",180,0.12
"663","URXOP4",181,0.118
"664","URXOP4",182,0.116
"665","URXOP4",183,0.114
"666","URXOP4",184,0.112
"667","URXOP4",185,0.11
"668","URXOP4",186,0.108
"669","URXOP4",187,0.106
"670","URXOP4",188,0.104
"671","URXOP4",189,0.102
"672","URXOP4",190,0.1
"673","URXOP4",191,0.1
"674","URXOP4",192,0.1
"675","URXOP4",193,0.1
"676","URXOP4",194,0.1
"677","URXOP4",195,0.1
"678","URXOP4",196,0.1
"679","URXOP4",197,0.1
"680","URXOP4",198,0.1
"681","URXOP4",199,0.1
"682","URXOP4",200,0.1
"683","URXOP4",201,0.102
"684","URXOP4",202,0.104
"685","URXOP4",203,0.106
"686","URXOP4",204,0.108
"687","URXOP4",205,0.11
"688","URXOP4",206,0.112
"689","URXOP4",207,0.114
"690","URXOP4",208,0.116
"691","URXOP4",209,0.118
"692","URXOP4",210,0.12
"693","URXOP4",211,0.119
"694","URXOP4",212,0.118
"695","URXOP4",213,0.117
"696","URXOP4",214,0.116
"697","URXOP4",215,0.115
"698","URXOP4",216,0.114
"699","URXOP4",217,0.113
"700","URXOP4",218,0.112
"701","URXOP4",219,0.111
"702","URXOP4",220,0.11
"703","URXOP4",221,0.103
"704","URXOP4",222,0.096
"705","URXOP4",223,0.089
"706","URXOP4",224,0.082
"707","URXOP4",225,0.075
"708","URXOP4",226,0.068
"709","URXOP4",227,0.061
"710","URXOP4",228,0.054
"711","URXOP4",229,0.047
"712","URXOP4",230,0.04
"713","URXOP4",231,0.051
"714","URXOP4",232,0.062
"715","URXOP4",233,0.073
"716","URXOP4",234,0.084
"717","URXOP4",235,0.095
"718","URXOP4",236,0.106
"719","URXOP4",237,0.117
"720","URXOP4",238,0.128
"721","URXOP4",239,0.139
"722","URXOP4",240,0.15
"723","URXOP4",241,0.146
"724","URXOP4",242,0.142
"725","URXOP4",243,0.138
"726","URXOP4",244,0.134
"727","URXOP4",245,0.13
"728","URXOP4",246,0.126
"729","URXOP4",247,0.122
"730","URXOP4",248,0.118
"731","URXOP4",249,0.114
"732","URXOP4",250,0.11
"733","URXOP4",251,0.114
"734","URXOP4",252,0.118
"735","URXOP4",253,0.122
"736","URXOP4",254,0.126
"737","URXOP4",255,0.13
"738","URXOP4",256,0.134
"739","URXOP4",257,0.138
"740","URXOP4",258,0.142
"741","URXOP4",259,0.146
"742","URXOP4",260,0.15
"743","URXOP4",261,0.147
"744","URXOP4",262,0.144
"745","URXOP4",263,0.141
"746","URXOP4",264,0.138
"747","URXOP4",265,0.135
"748","URXOP4",266,0.132
"749","URXOP4",267,0.129
"750","URXOP4",268,0.126
"751","URXOP4",269,0.123
"752","URXOP4",270,0.12
"753","URXOP4",271,0.121
"754","URXOP4",272,0.122
"755","URXOP4",273,0.123
"756","URXOP4",274,0.124
"757","URXOP4",275,0.125
"758","URXOP4",276,0.126
"759","URXOP4",277,0.127
"760","URXOP4",278,0.128
"761","URXOP4",279,0.129
"762","URXOP4",280,0.13
"763","URXOP4",281,0.127
"764","URXOP4",282,0.124
"765","URXOP4",283,0.121
"766","URXOP4",284,0.118
"767","URXOP4",285,0.115
"768","URXOP4",286,0.112
"769","URXOP4",287,0.109
"770","URXOP4",288,0.106
"771","URXOP4",289,0.103
"772","URXOP4",290,0.1
"773","URXOP4",291,0.103
"774","URXOP4",292,0.106
"775","URXOP4",293,0.109
"776","URXOP4",294,0.112
"777","URXOP4",295,0.115
"778","URXOP4",296,0.118
"779","URXOP4",297,0.121
"780","URXOP4",298,0.124
"781","URXOP4",299,0.127
"782","URXOP4",300,0.13
"783","URXOP4",301,0.126
"784","URXOP4",302,0.122
"785","URXOP4",303,0.118
"786","URXOP4",304,0.114
"787","URXOP4",305,0.11
"788","URXOP4",306,0.106
"789","URXOP4",307,0.102
"790","URXOP4",308,0.098
"791","URXOP4",309,0.094
"792","URXOP4",310,0.09
"793","URXOP4",311,0.093
"794","URXOP4",312,0.096
"795","URXOP4",313,0.099
"796","URXOP4",314,0.102
"797","URXOP4",315,0.105
"798","URXOP4",316,0.108
"799","URXOP4",317,0.111
"800","URXOP4",318,0.114
"801","URXOP4",319,0.117
"802","URXOP4",320,0.12
"803","URXOP4",321,0.125
"804","URXOP4",322,0.13
"805","URXOP4",323,0.135
"806","URXOP4",324,0.14
"807","URXOP4",325,0.145
"808","URXOP4",326,0.15
"809","URXOP4",327,0.155
"810","URXOP4",328,0.16
"811","URXOP4",329,0.165
"812","URXOP4",330,0.17
"813","URXOP4",331,0.161
"814","URXOP4",332,0.152
"815","URXOP4",333,0.143
"816","URXOP4",334,0.134
"817","URXOP4",335,0.125
"818","URXOP4",336,0.116
"819","URXOP4",337,0.107
"820","URXOP4",338,0.098
"821","URXOP4",339,0.089
"822","URXOP4",340,0.08
"823","URXOP4",341,0.084
"824","URXOP4",342,0.088
"825","URXOP4",343,0.092
"826","URXOP4",344,0.096
"827","URXOP4",345,0.1
"828","URXOP4",346,0.104
"829","URXOP4",347,0.108
"830","URXOP4",348,0.112
"831","URXOP4",349,0.116
"832","URXOP4",350,0.12
"833","URXOP4",351,0.116
"834","URXOP4",352,0.112
"835","URXOP4",353,0.108
"836","URXOP4",354,0.104
"837","URXOP4",355,0.1
"838","URXOP4",356,0.096
"839","URXOP4",357,0.092
"840","URXOP4",358,0.088
"841","URXOP4",359,0.084
"842","URXOP4",360,0.08
"843","URXOP4",361,0.089
"844","URXOP4",362,0.098
"845","URXOP4",363,0.107
"846","URXOP4",364,0.116
"847","URXOP4",365,0.125
"848","URXOP4",366,0.134
"849","URXOP4",367,0.143
"850","URXOP4",368,0.152
"851","URXOP4",369,0.161
"852","URXOP4",370,0.17
"853","URXOP4",371,0.156
"854","URXOP4",372,0.142
"855","URXOP4",373,0.128
"856","URXOP4",374,0.114
"857","URXOP4",375,0.1
"858","URXOP4",376,0.086
"859","URXOP4",377,0.072
"860","URXOP4",378,0.058
"861","URXOP4",379,0.044
"862","URXOP4",380,0.03
"863","URXOP4",381,0.04
"864","URXOP4",382,0.05
"865","URXOP4",383,0.06
"866","URXOP4",384,0.07
"867","URXOP4",385,0.08
"868","URXOP4",386,0.09
"869","URXOP4",387,0.1
"870","URXOP4",388,0.11
"871","URXOP4",389,0.12
"872","URXOP4",390,0.13
"873","URXOP4",391,0.126
"874","URXOP4",392,0.122
"875","URXOP4",393,0.118
"876","URXOP4",394,0.114
"877","URXOP4",395,0.11
"878","URXOP4",396,0.106
"879","URXOP4",397,0.102
"880","URXOP4",398,0.098
"881","URXOP4",399,0.094
"882","URXOP4",400,0.09
"883","URXOP4",401,0.097
"884","URXOP4",402,0.104
"885","URXOP4",403,0.111
"886","URXOP4",404,0.118
"887","URXOP4",405,0.125
"888","URXOP4",406,0.132
"889","URXOP4",407,0.139
"890","URXOP4",408,0.146
"891","URXOP4",409,0.153
"892","URXOP4",410,0.16
"893","URXOP4",411,0.157
"894","URXOP4",412,0.154
"895","URXOP4",413,0.151
"896","URXOP4",414,0.148
"897","URXOP4",415,0.145
"898","URXOP4",416,0.142
"899","URXOP4",417,0.139
"900","URXOP4",418,0.136
"901","URXOP4",419,0.133
"902","URXOP4",420,0.13
"903","URXOP4",421,0.13
"904","URXOP4",422,0.13
"905","URXOP4",423,0.13
"906","URXOP4",424,0.13
"907","URXOP4",425,0.13
"908","URXOP4",426,0.13
"909","URXOP4",427,0.13
"910","URXOP4",428,0.13
"911","URXOP4",429,0.13
"912","URXOP4",430,0.13
"913","URXOP4",431,0.129
"914","URXOP4",432,0.128
"915","URXOP4",433,0.127
"916","URXOP4",434,0.126
"917","URXOP4",435,0.125
"918","URXOP4",436,0.124
"919","URXOP4",437,0.123
"920","URXOP4",438,0.122
"921","URXOP4",439,0.121
"922","URXOP4",440,0.12
"923","URXOP4",441,0.118
"924","URXOP4",442,0.116
"925","URXOP4",443,0.114
"926","URXOP4",444,0.112
"927","URXOP4",445,0.11
"928","URXOP4",446,0.108
"929","URXOP4",447,0.106
"930","URXOP4",448,0.104
"931","URXOP4",449,0.102
"932","URXOP4",450,0.1
"933","URXOP4",451,0.104
"934","URXOP4",452,0.108
"935","URXOP4",453,0.112
"936","URXOP4",454,0.116
"937","URXOP4",455,0.12
"938","URXOP4",456,0.124
"939","URXOP4",457,0.128
"940","URXOP4",458,0.132
"941","URXOP4",459,0.136
"942","URXOP4",460,0.14
"943","URXOP4",461,0.141
"944","URXOP4",462,0.142
"945","URXOP4",463,0.143
"946","URXOP4",464,0.144
"947","URXOP4",465,0.145
"948","URXOP4",466,0.146
"949","URXOP4",467,0.147
"950","URXOP4",468,0.148
"951","URXOP4",469,0.149
"952","URXOP4",470,0.15
"953","URXOP4",471,0.149
"954","URXOP4",472,0.148
"955","URXOP4",473,0.147
"956","URXOP4",474,0.146
"957","URXOP4",475,0.145
"958","URXOP4",476,0.144
"959","URXOP4",477,0.143
"960","URXOP4",478,0.142
"961","URXOP4",479,0.141
"962","URXOP4",480,0.14
"963","URXOP4",481,0.134
"964","URXOP4",482,0.128
"965","URXOP4",483,0.122
"966","URXOP4",484,0.116
"967","URXOP4",485,0.11
"968","URXOP4",486,0.104
"969","URXOP4",487,0.098
"970","URXOP4",488,0.092
"971","URXOP4",489,0.086
"972","URXOP4",490,0.08
"973","URXOP4",491,0.084
"974","URXOP4",492,0.088
"975","URXOP4",493,0.092
"976","URXOP4",494,0.096
"977","URXOP4",495,0.1
"978","URXOP4",496,0.104
"979","URXOP4",497,0.108
"980","URXOP4",498,0.112
"981","URXOP4",499,0.116
"982","URXOP4",500,0.12
"983","URXOP1",10,0.87
"984","URXOP1",11,0.877
"985","URXOP1",12,0.884
"986","URXOP1",13,0.891
"987","URXOP1",14,0.898
"988","URXOP1",15,0.905
"989","URXOP1",16,0.912
"990","URXOP1",17,0.919
"991","URXOP1",18,0.926
"992","URXOP1",19,0.933
"993","URXOP1",20,0.94
"994","URXOP1",21,0.945
"995","URXOP1",22,0.95
"996","URXOP1",23,0.955
"997","URXOP1",24,0.96
"998","URXOP1",25,0.965
"999","URXOP1",26,0.97
"1000","URXOP1",27,0.975
"1001","URXOP1",28,0.98
"1002","URXOP1",29,0.985
"1003","URXOP1",30,0.99
"1004","URXOP1",31,0.99
"1005","URXOP1",32,0.99
"1006","URXOP1",33,0.99
"1007","URXOP1",34,0.99
"1008","URXOP1",35,0.99
"1009","URXOP1",36,0.99
"1010","URXOP1",37,0.99
"1011","URXOP1",38,0.99
"1012","URXOP1",39,0.99
"1013","URXOP1",40,0.99
"1014","URXOP1",41,0.991
"1015","URXOP1",42,0.992
"1016","URXOP1",43,0.993
"1017","URXOP1",44,0.994
"1018","URXOP1",45,0.995
"1019","URXOP1",46,0.996
"1020","URXOP1",47,0.997
"1021","URXOP1",48,0.998
"1022","URXOP1",49,0.999
"1023","URXOP1",50,1
"1024","URXOP1",51,1
"1025","URXOP1",52,1
"1026","URXOP1",53,1
"1027","URXOP1",54,1
"1028","URXOP1",55,1
"1029","URXOP1",56,1
"1030","URXOP1",57,1
"1031","URXOP1",58,1
"1032","URXOP1",59,1
"1033","URXOP1",60,1
"1034","URXOP1",61,1
"1035","URXOP1",62,1
"1036","URXOP1",63,1
"1037","URXOP1",64,1
"1038","URXOP1",65,1
"1039","URXOP1",66,1
"1040","URXOP1",67,1
"1041","URXOP1",68,1
"1042","URXOP1",69,1
"1043","URXOP1",70,1
"1044","URXOP1",71,1
"1045","URXOP1",72,1
"1046","URXOP1",73,1
"1047","URXOP1",74,1
"1048","URXOP1",75,1
"1049","URXOP1",76,1
"1050","URXOP1",77,1
"1051","URXOP1",78,1
"1052","URXOP1",79,1
"1053","URXOP1",80,1
"1054","URXOP1",81,1
"1055","URXOP1",82,1
"1056","URXOP1",83,1
"1057","URXOP1",84,1
"1058","URXOP1",85,1
"1059","URXOP1",86,1
"1060","URXOP1",87,1
"1061","URXOP1",88,1
"1062","URXOP1",89,1
"1063","URXOP1",90,1
"1064","URXOP1",91,1
"1065","URXOP1",92,1
"1066","URXOP1",93,1
"1067","URXOP1",94,1
"1068","URXOP1",95,1
"1069","URXOP1",96,1
"1070","URXOP1",97,1
"1071","URXOP1",98,1
"1072","URXOP1",99,1
"1073","URXOP1",100,1
"1074","URXOP1",101,1
"1075","URXOP1",102,1
"1076","URXOP1",103,1
"1077","URXOP1",104,1
"1078","URXOP1",105,1
"1079","URXOP1",106,1
"1080","URXOP1",107,1
"1081","URXOP1",108,1
"1082","URXOP1",109,1
"1083","URXOP1",110,1
"1084","URXOP1",111,1
"1085","URXOP1",112,1
"1086","URXOP1",113,1
"1087","URXOP1",114,1
"1088","URXOP1",115,1
"1089","URXOP1",116,1
"1090","URXOP1",117,1
"1091","URXOP1",118,1
"1092","URXOP1",119,1
"1093","URXOP1",120,1
"1094","URXOP1",121,1
"1095","URXOP1",122,1
"1096","URXOP1",123,1
"1097","URXOP1",124,1
"1098","URXOP1",125,1
"1099","URXOP1",126,1
"1100","URXOP1",127,1
"1101","URXOP1",128,1
"1102","URXOP1",129,1
"1103","URXOP1",130,1
"1104","URXOP1",131,1
"1105","URXOP1",132,1
"1106","URXOP1",133,1
"1107","URXOP1",134,1
"1108","URXOP1",135,1
"1109","URXOP1",136,1
"1110","URXOP1",137,1
"1111","URXOP1",138,1
"1112","URXOP1",139,1
"1113","URXOP1",140,1
"1114","URXOP1",141,1
"1115","URXOP1",142,1
"1116","URXOP1",143,1
"1117","URXOP1",144,1
"1118","URXOP1",145,1
"1119","URXOP1",146,1
"1120","URXOP1",147,1
"1121","URXOP1",148,1
"1122","URXOP1",149,1
"1123","URXOP1",150,1
"1124","URXOP1",151,1
"1125","URXOP1",152,1
"1126","URXOP1",153,1
"1127","URXOP1",154,1
"1128","URXOP1",155,1
"1129","URXOP1",156,1
"1130","URXOP1",157,1
"1131","URXOP1",158,1
"1132","URXOP1",159,1
"1133","URXOP1",160,1
"1134","URXOP1",161,1
"1135","URXOP1",162,1
"1136","URXOP1",163,1
"1137","URXOP1",164,1
"1138","URXOP1",165,1
"1139","URXOP1",166,1
"1140","URXOP1",167,1
"1141","URXOP1",168,1
"1142","URXOP1",169,1
"1143","URXOP1",170,1
"1144","URXOP1",171,1
"1145","URXOP1",172,1
"1146","URXOP1",173,1
"1147","URXOP1",174,1
"1148","URXOP1",175,1
"1149","URXOP1",176,1
"1150","URXOP1",177,1
"1151","URXOP1",178,1
"1152","URXOP1",179,1
"1153","URXOP1",180,1
"1154","URXOP1",181,1
"1155","URXOP1",182,1
"1156","URXOP1",183,1
"1157","URXOP1",184,1
"1158","URXOP1",185,1
"1159","URXOP1",186,1
"1160","URXOP1",187,1
"1161","URXOP1",188,1
"1162","URXOP1",189,1
"1163","URXOP1",190,1
"1164","URXOP1",191,1
"1165","URXOP1",192,1
"1166","URXOP1",193,1
"1167","URXOP1",194,1
"1168","URXOP1",195,1
"1169","URXOP1",196,1
"1170","URXOP1",197,1
"1171","URXOP1",198,1
"1172","URXOP1",199,1
"1173","URXOP1",200,1
"1174","URXOP1",201,1
"1175","URXOP1",202,1
"1176","URXOP1",203,1
"1177","URXOP1",204,1
"1178","URXOP1",205,1
"1179","URXOP1",206,1
"1180","URXOP1",207,1
"1181","URXOP1",208,1
"1182","URXOP1",209,1
"1183","URXOP1",210,1
"1184","URXOP1",211,1
"1185","URXOP1",212,1
"1186","URXOP1",213,1
"1187","URXOP1",214,1
"1188","URXOP1",215,1
"1189","URXOP1",216,1
"1190","URXOP1",217,1
"1191","URXOP1",218,1
"1192","URXOP1",219,1
"1193","URXOP1",220,1
"1194","URXOP1",221,1
"1195","URXOP1",222,1
"1196","URXOP1",223,1
"1197","URXOP1",224,1
"1198","URXOP1",225,1
"1199","URXOP1",226,1
"1200","URXOP1",227,1
"1201","URXOP1",228,1
"1202","URXOP1",229,1
"1203","URXOP1",230,1
"1204","URXOP1",231,1
"1205","URXOP1",232,1
"1206","URXOP1",233,1
"1207","URXOP1",234,1
"1208","URXOP1",235,1
"1209","URXOP1",236,1
"1210","URXOP1",237,1
"1211","URXOP1",238,1
"1212","URXOP1",239,1
"1213","URXOP1",240,1
"1214","URXOP1",241,1
"1215","URXOP1",242,1
"1216","URXOP1",243,1
"1217","URXOP1",244,1
"1218","URXOP1",245,1
"1219","URXOP1",246,1
"1220","URXOP1",247,1
"1221","URXOP1",248,1
"1222","URXOP1",249,1
"1223","URXOP1",250,1
"1224","URXOP1",251,1
"1225","URXOP1",252,1
"1226","URXOP1",253,1
"1227","URXOP1",254,1
"1228","URXOP1",255,1
"1229","URXOP1",256,1
"1230","URXOP1",257,1
"1231","URXOP1",258,1
"1232","URXOP1",259,1
"1233","URXOP1",260,1
"1234","URXOP1",261,1
"1235","URXOP1",262,1
"1236","URXOP1",263,1
"1237","URXOP1",264,1
"1238","URXOP1",265,1
"1239","URXOP1",266,1
"1240","URXOP1",267,1
"1241","URXOP1",268,1
"1242","URXOP1",269,1
"1243","URXOP1",270,1
"1244","URXOP1",271,1
"1245","URXOP1",272,1
"1246","URXOP1",273,1
"1247","URXOP1",274,1
"1248","URXOP1",275,1
"1249","URXOP1",276,1
"1250","URXOP1",277,1
"1251","URXOP1",278,1
"1252","URXOP1",279,1
"1253","URXOP1",280,1
"1254","URXOP1",281,1
"1255","URXOP1",282,1
"1256","URXOP1",283,1
"1257","URXOP1",284,1
"1258","URXOP1",285,1
"1259","URXOP1",286,1
"1260","URXOP1",287,1
"1261","URXOP1",288,1
"1262","URXOP1",289,1
"1263","URXOP1",290,1
"1264","URXOP1",291,1
"1265","URXOP1",292,1
"1266","URXOP1",293,1
"1267","URXOP1",294,1
"1268","URXOP1",295,1
"1269","URXOP1",296,1
"1270","URXOP1",297,1
"1271","URXOP1",298,1
"1272","URXOP1",299,1
"1273","URXOP1",300,1
"1274","URXOP1",301,1
"1275","URXOP1",302,1
"1276","URXOP1",303,1
"1277","URXOP1",304,1
"1278","URXOP1",305,1
"1279","URXOP1",306,1
"1280","URXOP1",307,1
"1281","URXOP1",308,1
"1282","URXOP1",309,1
"1283","URXOP1",310,1
"1284","URXOP1",311,1
"1285","URXOP1",312,1
"1286","URXOP1",313,1
"1287","URXOP1",314,1
"1288","URXOP1",315,1
"1289","URXOP1",316,1
"1290","URXOP1",317,1
"1291","URXOP1",318,1
"1292","URXOP1",319,1
"1293","URXOP1",320,1
"1294","URXOP1",321,1
"1295","URXOP1",322,1
"1296","URXOP1",323,1
"1297","URXOP1",324,1
"1298","URXOP1",325,1
"1299","URXOP1",326,1
"1300","URXOP1",327,1
"1301","URXOP1",328,1
"1302","URXOP1",329,1
"1303","URXOP1",330,1
"1304","URXOP1",331,1
"1305","URXOP1",332,1
"1306","URXOP1",333,1
"1307","URXOP1",334,1
"1308","URXOP1",335,1
"1309","URXOP1",336,1
"1310","URXOP1",337,1
"1311","URXOP1",338,1
"1312","URXOP1",339,1
"1313","URXOP1",340,1
"1314","URXOP1",341,1
"1315","URXOP1",342,1
"1316","URXOP1",343,1
"1317","URXOP1",344,1
"1318","URXOP1",345,1
"1319","URXOP1",346,1
"1320","URXOP1",347,1
"1321","URXOP1",348,1
"1322","URXOP1",349,1
"1323","URXOP1",350,1
"1324","URXOP1",351,1
"1325","URXOP1",352,1
"1326","URXOP1",353,1
"1327","URXOP1",354,1
"1328","URXOP1",355,1
"1329","URXOP1",356,1
"1330","URXOP1",357,1
"1331","URXOP1",358,1
"1332","URXOP1",359,1
"1333","URXOP1",360,1
"1334","URXOP1",361,1
"1335","URXOP1",362,1
"1336","URXOP1",363,1
"1337","URXOP1",364,1
"1338","URXOP1",365,1
"1339","URXOP1",366,1
"1340","URXOP1",367,1
"1341","URXOP1",368,1
"1342","URXOP1",369,1
"1343","URXOP1",370,1
"1344","URXOP1",371,1
"1345","URXOP1",372,1
"1346","URXOP1",373,1
"1347","URXOP1",374,1
"1348","URXOP1",375,1
"1349","URXOP1",376,1
"1350","URXOP1",377,1
"1351","URXOP1",378,1
"1352","URXOP1",379,1
"1353","URXOP1",380,1
"1354","URXOP1",381,1
"1355","URXOP1",382,1
"1356","URXOP1",383,1
"1357","URXOP1",384,1
"1358","URXOP1",385,1
"1359","URXOP1",386,1
"1360","URXOP1",387,1
"1361","URXOP1",388,1
"1362","URXOP1",389,1
"1363","URXOP1",390,1
"1364","URXOP1",391,1
"1365","URXOP1",392,1
"1366","URXOP1",393,1
"1367","URXOP1",394,1
"1368","URXOP1",395,1
"1369","URXOP1",396,1
"1370","URXOP1",397,1
"1371","URXOP1",398,1
"1372","URXOP1",399,1
"1373","URXOP1",400,1
"1374","URXOP1",401,1
"1375","URXOP1",402,1
"1376","URXOP1",403,1
"1377","URXOP1",404,1
"1378","URXOP1",405,1
"1379","URXOP1",406,1
"1380","URXOP1",407,1
"1381","URXOP1",408,1
"1382","URXOP1",409,1
"1383","URXOP1",410,1
"1384","URXOP1",411,1
"1385","URXOP1",412,1
"1386","URXOP1",413,1
"1387","URXOP1",414,1
"1388","URXOP1",415,1
"1389","URXOP1",416,1
"1390","URXOP1",417,1
"1391","URXOP1",418,1
"1392","URXOP1",419,1
"1393","URXOP1",420,1
"1394","URXOP1",421,1
"1395","URXOP1",422,1
"1396","URXOP1",423,1
"1397","URXOP1",424,1
"1398","URXOP1",425,1
"1399","URXOP1",426,1
"1400","URXOP1",427,1
"1401","URXOP1",428,1
"1402","URXOP1",429,1
"1403","URXOP1",430,1
"1404","URXOP1",431,1
"1405","URXOP1",432,1
"1406","URXOP1",433,1
"1407","URXOP1",434,1
"1408","URXOP1",435,1
"1409","URXOP1",436,1
"1410","URXOP1",437,1
"1411","URXOP1",438,1
"1412","URXOP1",439,1
"1413","URXOP1",440,1
"1414","URXOP1",441,1
"1415","URXOP1",442,1
"1416","URXOP1",443,1
"1417","URXOP1",444,1
"1418","URXOP1",445,1
"1419","URXOP1",446,1
"1420","URXOP1",447,1
"1421","URXOP1",448,1
"1422","URXOP1",449,1
"1423","URXOP1",450,1
"1424","URXOP1",451,1
"1425","URXOP1",452,1
"1426","URXOP1",453,1
"1427","URXOP1",454,1
"1428","URXOP1",455,1
"1429","URXOP1",456,1
"1430","URXOP1",457,1
"1431","URXOP1",458,1
"1432","URXOP1",459,1
"1433","URXOP1",460,1
"1434","URXOP1",461,1
"1435","URXOP1",462,1
"1436","URXOP1",463,1
"1437","URXOP1",464,1
"1438","URXOP1",465,1
"1439","URXOP1",466,1
"1440","URXOP1",467,1
"1441","URXOP1",468,1
"1442","URXOP1",469,1
"1443","URXOP1",470,1
"1444","URXOP1",471,1
"1445","URXOP1",472,1
"1446","URXOP1",473,1
"1447","URXOP1",474,1
"1448","URXOP1",475,1
"1449","URXOP1",476,1
"1450","URXOP1",477,1
"1451","URXOP1",478,1
"1452","URXOP1",479,1
"1453","URXOP1",480,1
"1454","URXOP1",481,1
"1455","URXOP1",482,1
"1456","URXOP1",483,1
"1457","URXOP1",484,1
"1458","URXOP1",485,1
"1459","URXOP1",486,1
"1460","URXOP1",487,1
"1461","URXOP1",488,1
"1462","URXOP1",489,1
"1463","URXOP1",490,1
"1464","URXOP1",491,1
"1465","URXOP1",492,1
"1466","URXOP1",493,1
"1467","URXOP1",494,1
"1468","URXOP1",495,1
"1469","URXOP1",496,1
"1470","URXOP1",497,1
"1471","URXOP1",498,1
"1472","URXOP1",499,1
"1473","URXOP1",500,1
"1474","URXOP3",10,0.65
"1475","URXOP3",11,0.636
"1476","URXOP3",12,0.622
"1477","URXOP3",13,0.608
"1478","URXOP3",14,0.594
"1479","URXOP3",15,0.58
"1480","URXOP3",16,0.566
"1481","URXOP3",17,0.552
"1482","URXOP3",18,0.538
"1483","URXOP3",19,0.524
"1484","URXOP3",20,0.51
"1485","URXOP3",21,0.521
"1486","URXOP3",22,0.532
"1487","URXOP3",23,0.543
"1488","URXOP3",24,0.554
"1489","URXOP3",25,0.565
"1490","URXOP3",26,0.576
"1491","URXOP3",27,0.587
"1492","URXOP3",28,0.598
"1493","URXOP3",29,0.609
"1494","URXOP3",30,0.62
"1495","URXOP3",31,0.619
"1496","URXOP3",32,0.618
"1497","URXOP3",33,0.617
"1498","URXOP3",34,0.616
"1499","URXOP3",35,0.615
"1500","URXOP3",36,0.614
"1501","URXOP3",37,0.613
"1502","URXOP3",38,0.612
"1503","URXOP3",39,0.611
"1504","URXOP3",40,0.61
"1505","URXOP3",41,0.612
"1506","URXOP3",42,0.614
"1507","URXOP3",43,0.616
"1508","URXOP3",44,0.618
"1509","URXOP3",45,0.62
"1510","URXOP3",46,0.622
"1511","URXOP3",47,0.624
"1512","URXOP3",48,0.626
"1513","URXOP3",49,0.628
"1514","URXOP3",50,0.63
"1515","URXOP3",51,0.647
"1516","URXOP3",52,0.664
"1517","URXOP3",53,0.681
"1518","URXOP3",54,0.698
"1519","URXOP3",55,0.715
"1520","URXOP3",56,0.732
"1521","URXOP3",57,0.749
"1522","URXOP3",58,0.766
"1523","URXOP3",59,0.783
"1524","URXOP3",60,0.8
"1525","URXOP3",61,0.804
"1526","URXOP3",62,0.808
"1527","URXOP3",63,0.812
"1528","URXOP3",64,0.816
"1529","URXOP3",65,0.82
"1530","URXOP3",66,0.824
"1531","URXOP3",67,0.828
"1532","URXOP3",68,0.832
"1533","URXOP3",69,0.836
"1534","URXOP3",70,0.84
"1535","URXOP3",71,0.844
"1536","URXOP3",72,0.848
"1537","URXOP3",73,0.852
"1538","URXOP3",74,0.856
"1539","URXOP3",75,0.86
"1540","URXOP3",76,0.864
"1541","URXOP3",77,0.868
"1542","URXOP3",78,0.872
"1543","URXOP3",79,0.876
"1544","URXOP3",80,0.88
"1545","URXOP3",81,0.889
"1546","URXOP3",82,0.898
"1547","URXOP3",83,0.907
"1548","URXOP3",84,0.916
"1549","URXOP3",85,0.925
"1550","URXOP3",86,0.934
"1551","URXOP3",87,0.943
"1552","URXOP3",88,0.952
"1553","URXOP3",89,0.961
"1554","URXOP3",90,0.97
"1555","URXOP3",91,0.968
"1556","URXOP3",92,0.966
"1557","URXOP3",93,0.964
"1558","URXOP3",94,0.962
"1559","URXOP3",95,0.96
"1560","URXOP3",96,0.958
"1561","URXOP3",97,0.956
"1562","URXOP3",98,0.954
"1563","URXOP3",99,0.952
"1564","URXOP3",100,0.95
"1565","URXOP3",101,0.947
"1566","URXOP3",102,0.944
"1567","URXOP3",103,0.941
"1568","URXOP3",104,0.938
"1569","URXOP3",105,0.935
"1570","URXOP3",106,0.932
"1571","URXOP3",107,0.929
"1572","URXOP3",108,0.926
"1573","URXOP3",109,0.923
"1574","URXOP3",110,0.92
"1575","URXOP3",111,0.926
"1576","URXOP3",112,0.932
"1577","URXOP3",113,0.938
"1578","URXOP3",114,0.944
"1579","URXOP3",115,0.95
"1580","URXOP3",116,0.956
"1581","URXOP3",117,0.962
"1582","URXOP3",118,0.968
"1583","URXOP3",119,0.974
"1584","URXOP3",120,0.98
"1585","URXOP3",121,0.981
"1586","URXOP3",122,0.982
"1587","URXOP3",123,0.983
"1588","URXOP3",124,0.984
"1589","URXOP3",125,0.985
"1590","URXOP3",126,0.986
"1591","URXOP3",127,0.987
"1592","URXOP3",128,0.988
"1593","URXOP3",129,0.989
"1594","URXOP3",130,0.99
"1595","URXOP3",131,0.991
"1596","URXOP3",132,0.992
"1597","URXOP3",133,0.993
"1598","URXOP3",134,0.994
"1599","URXOP3",135,0.995
"1600","URXOP3",136,0.996
"1601","URXOP3",137,0.997
"1602","URXOP3",138,0.998
"1603","URXOP3",139,0.999
"1604","URXOP3",140,1
"1605","URXOP3",141,1
"1606","URXOP3",142,1
"1607","URXOP3",143,1
"1608","URXOP3",144,1
"1609","URXOP3",145,1
"1610","URXOP3",146,1
"1611","URXOP3",147,1
"1612","URXOP3",148,1
"1613","URXOP3",149,1
"1614","URXOP3",150,1
"1615","URXOP3",151,1
"1616","URXOP3",152,1
"1617","URXOP3",153,1
"1618","URXOP3",154,1
"1619","URXOP3",155,1
"1620","URXOP3",156,1
"1621","URXOP3",157,1
"1622","URXOP3",158,1
"1623","URXOP3",159,1
"1624","URXOP3",160,1
"1625","URXOP3",161,0.999
"1626","URXOP3",162,0.998
"1627","URXOP3",163,0.997
"1628","URXOP3",164,0.996
"1629","URXOP3",165,0.995
"1630","URXOP3",166,0.994
"1631","URXOP3",167,0.993
"1632","URXOP3",168,0.992
"1633","URXOP3",169,0.991
"1634","URXOP3",170,0.99
"1635","URXOP3",171,0.991
"1636","URXOP3",172,0.992
"1637","URXOP3",173,0.993
"1638","URXOP3",174,0.994
"1639","URXOP3",175,0.995
"1640","URXOP3",176,0.996
"1641","URXOP3",177,0.997
"1642","URXOP3",178,0.998
"1643","URXOP3",179,0.999
"1644","URXOP3",180,1
"1645","URXOP3",181,0.999
"1646","URXOP3",182,0.998
"1647","URXOP3",183,0.997
"1648","URXOP3",184,0.996
"1649","URXOP3",185,0.995
"1650","URXOP3",186,0.994
"1651","URXOP3",187,0.993
"1652","URXOP3",188,0.992
"1653","URXOP3",189,0.991
"1654","URXOP3",190,0.99
"1655","URXOP3",191,0.991
"1656","URXOP3",192,0.992
"1657","URXOP3",193,0.993
"1658","URXOP3",194,0.994
"1659","URXOP3",195,0.995
"1660","URXOP3",196,0.996
"1661","URXOP3",197,0.997
"1662","URXOP3",198,0.998
"1663","URXOP3",199,0.999
"1664","URXOP3",200,1
"1665","URXOP3",201,1
"1666","URXOP3",202,1
"1667","URXOP3",203,1
"1668","URXOP3",204,1
"1669","URXOP3",205,1
"1670","URXOP3",206,1
"1671","URXOP3",207,1
"1672","URXOP3",208,1
"1673","URXOP3",209,1
"1674","URXOP3",210,1
"1675","URXOP3",211,1
"1676","URXOP3",212,1
"1677","URXOP3",213,1
"1678","URXOP3",214,1
"1679","URXOP3",215,1
"1680","URXOP3",216,1
"1681","URXOP3",217,1
"1682","URXOP3",218,1
"1683","URXOP3",219,1
"1684","URXOP3",220,1
"1685","URXOP3",221,1
"1686","URXOP3",222,1
"1687","URXOP3",223,1
"1688","URXOP3",224,1
"1689","URXOP3",225,1
"1690","URXOP3",226,1
"1691","URXOP3",227,1
"1692","URXOP3",228,1
"1693","URXOP3",229,1
"1694","URXOP3",230,1
"1695","URXOP3",231,1
"1696","URXOP3",232,1
"1697","URXOP3",233,1
"1698","URXOP3",234,1
"1699","URXOP3",235,1
"1700","URXOP3",236,1
"1701","URXOP3",237,1
"1702","URXOP3",238,1
"1703","URXOP3",239,1
"1704","URXOP3",240,1
"1705","URXOP3",241,1
"1706","URXOP3",242,1
"1707","URXOP3",243,1
"1708","URXOP3",244,1
"1709","URXOP3",245,1
"1710","URXOP3",246,1
"1711","URXOP3",247,1
"1712","URXOP3",248,1
"1713","URXOP3",249,1
"1714","URXOP3",250,1
"1715","URXOP3",251,1
"1716","URXOP3",252,1
"1717","URXOP3",253,1
"1718","URXOP3",254,1
"1719","URXOP3",255,1
"1720","URXOP3",256,1
"1721","URXOP3",257,1
"1722","URXOP3",258,1
"1723","URXOP3",259,1
"1724","URXOP3",260,1
"1725","URXOP3",261,1
"1726","URXOP3",262,1
"1727","URXOP3",263,1
"1728","URXOP3",264,1
"1729","URXOP3",265,1
"1730","URXOP3",266,1
"1731","URXOP3",267,1
"1732","URXOP3",268,1
"1733","URXOP3",269,1
"1734","URXOP3",270,1
"1735","URXOP3",271,1
"1736","URXOP3",272,1
"1737","URXOP3",273,1
"1738","URXOP3",274,1
"1739","URXOP3",275,1
"1740","URXOP3",276,1
"1741","URXOP3",277,1
"1742","URXOP3",278,1
"1743","URXOP3",279,1
"1744","URXOP3",280,1
"1745","URXOP3",281,1
"1746","URXOP3",282,1
"1747","URXOP3",283,1
"1748","URXOP3",284,1
"1749","URXOP3",285,1
"1750","URXOP3",286,1
"1751","URXOP3",287,1
"1752","URXOP3",288,1
"1753","URXOP3",289,1
"1754","URXOP3",290,1
"1755","URXOP3",291,1
"1756","URXOP3",292,1
"1757","URXOP3",293,1
"1758","URXOP3",294,1
"1759","URXOP3",295,1
"1760","URXOP3",296,1
"1761","URXOP3",297,1
"1762","URXOP3",298,1
"1763","URXOP3",299,1
"1764","URXOP3",300,1
"1765","URXOP3",301,1
"1766","URXOP3",302,1
"1767","URXOP3",303,1
"1768","URXOP3",304,1
"1769","URXOP3",305,1
"1770","URXOP3",306,1
"1771","URXOP3",307,1
"1772","URXOP3",308,1
"1773","URXOP3",309,1
"1774","URXOP3",310,1
"1775","URXOP3",311,1
"1776","URXOP3",312,1
"1777","URXOP3",313,1
"1778","URXOP3",314,1
"1779","URXOP3",315,1
"1780","URXOP3",316,1
"1781","URXOP3",317,1
"1782","URXOP3",318,1
"1783","URXOP3",319,1
"1784","URXOP3",320,1
"1785","URXOP3",321,1
"1786","URXOP3",322,1
"1787","URXOP3",323,1
"1788","URXOP3",324,1
"1789","URXOP3",325,1
"1790","URXOP3",326,1
"1791","URXOP3",327,1
"1792","URXOP3",328,1
"1793","URXOP3",329,1
"1794","URXOP3",330,1
"1795","URXOP3",331,1
"1796","URXOP3",332,1
"1797","URXOP3",333,1
"1798","URXOP3",334,1
"1799","URXOP3",335,1
"1800","URXOP3",336,1
"1801","URXOP3",337,1
"1802","URXOP3",338,1
"1803","URXOP3",339,1
"1804","URXOP3",340,1
"1805","URXOP3",341,1
"1806","URXOP3",342,1
"1807","URXOP3",343,1
"1808","URXOP3",344,1
"1809","URXOP3",345,1
"1810","URXOP3",346,1
"1811","URXOP3",347,1
"1812","URXOP3",348,1
"1813","URXOP3",349,1
"1814","URXOP3",350,1
"1815","URXOP3",351,1
"1816","URXOP3",352,1
"1817","URXOP3",353,1
"1818","URXOP3",354,1
"1819","URXOP3",355,1
"1820","URXOP3",356,1
"1821","URXOP3",357,1
"1822","URXOP3",358,1
"1823","URXOP3",359,1
"1824","URXOP3",360,1
"1825","URXOP3",361,1
"1826","URXOP3",362,1
"1827","URXOP3",363,1
"1828","URXOP3",364,1
"1829","URXOP3",365,1
"1830","URXOP3",366,1
"1831","URXOP3",367,1
"1832","URXOP3",368,1
"1833","URXOP3",369,1
"1834","URXOP3",370,1
"1835","URXOP3",371,1
"1836","URXOP3",372,1
"1837","URXOP3",373,1
"1838","URXOP3",374,1
"1839","URXOP3",375,1
"1840","URXOP3",376,1
"1841","URXOP3",377,1
"1842","URXOP3",378,1
"1843","URXOP3",379,1
"1844","URXOP3",380,1
"1845","URXOP3",381,1
"1846","URXOP3",382,1
"1847","URXOP3",383,1
"1848","URXOP3",384,1
"1849","URXOP3",385,1
"1850","URXOP3",386,1
"1851","URXOP3",387,1
"1852","URXOP3",388,1
"1853","URXOP3",389,1
"1854","URXOP3",390,1
"1855","URXOP3",391,1
"1856","URXOP3",392,1
"1857","URXOP3",393,1
"1858","URXOP3",394,1
"1859","URXOP3",395,1
"1860","URXOP3",396,1
"1861","URXOP3",397,1
"1862","URXOP3",398,1
"1863","URXOP3",399,1
"1864","URXOP3",400,1
"1865","URXOP3",401,1
"1866","URXOP3",402,1
"1867","URXOP3",403,1
"1868","URXOP3",404,1
"1869","URXOP3",405,1
"1870","URXOP3",406,1
"1871","URXOP3",407,1
"1872","URXOP3",408,1
"1873","URXOP3",409,1
"1874","URXOP3",410,1
"1875","URXOP3",411,1
"1876","URXOP3",412,1
"1877","URXOP3",413,1
"1878","URXOP3",414,1
"1879","URXOP3",415,1
"1880","URXOP3",416,1
"1881","URXOP3",417,1
"1882","URXOP3",418,1
"1883","URXOP3",419,1
"1884","URXOP3",420,1
"1885","URXOP3",421,1
"1886","URXOP3",422,1
"1887","URXOP3",423,1
"1888","URXOP3",424,1
"1889","URXOP3",425,1
"1890","URXOP3",426,1
"1891","URXOP3",427,1
"1892","URXOP3",428,1
"1893","URXOP3",429,1
"1894","URXOP3",430,1
"1895","URXOP3",431,1
"1896","URXOP3",432,1
"1897","URXOP3",433,1
"1898","URXOP3",434,1
"1899","URXOP3",435,1
"1900","URXOP3",436,1
"1901","URXOP3",437,1
"1902","URXOP3",438,1
"1903","URXOP3",439,1
"1904","URXOP3",440,1
"1905","URXOP3",441,1
"1906","URXOP3",442,1
"1907","URXOP3",443,1
"1908","URXOP3",444,1
"1909","URXOP3",445,1
"1910","URXOP3",446,1
"1911","URXOP3",447,1
"1912","URXOP3",448,1
"1913","URXOP3",449,1
"1914","URXOP3",450,1
"1915","URXOP3",451,1
"1916","URXOP3",452,1
"1917","URXOP3",453,1
"1918","URXOP3",454,1
"1919","URXOP3",455,1
"1920","URXOP3",456,1
"1921","URXOP3",457,1
"1922","URXOP3",458,1
"1923","URXOP3",459,1
"1924","URXOP3",460,1
"1925","URXOP3",461,1
"1926","URXOP3",462,1
"1927","URXOP3",463,1
"1928","URXOP3",464,1
"1929","URXOP3",465,1
"1930","URXOP3",466,1
"1931","URXOP3",467,1
"1932","URXOP3",468,1
"1933","URXOP3",469,1
"1934","URXOP3",470,1
"1935","URXOP3",471,1
"1936","URXOP3",472,1
"1937","URXOP3",473,1
"1938","URXOP3",474,1
"1939","URXOP3",475,1
"1940","URXOP3",476,1
"1941","URXOP3",477,1
"1942","URXOP3",478,1
"1943","URXOP3",479,1
"1944","URXOP3",480,1
"1945","URXOP3",481,1
"1946","URXOP3",482,1
"1947","URXOP3",483,1
"1948","URXOP3",484,1
"1949","URXOP3",485,1
"1950","URXOP3",486,1
"1951","URXOP3",487,1
"1952","URXOP3",488,1
"1953","URXOP3",489,1
"1954","URXOP3",490,1
"1955","URXOP3",491,1
"1956","URXOP3",492,1
"1957","URXOP3",493,1
"1958","URXOP3",494,1
"1959","URXOP3",495,1
"1960","URXOP3",496,1
"1961","URXOP3",497,1
"1962","URXOP3",498,1
"1963","URXOP3",499,1
"1964","URXOP3",500,1
"1965","URXOP5",10,0.73
"1966","URXOP5",11,0.72
"1967","URXOP5",12,0.71
"1968","URXOP5",13,0.7
"1969","URXOP5",14,0.69
"1970","URXOP5",15,0.68
"1971","URXOP5",16,0.67
"1972","URXOP5",17,0.66
"1973","URXOP5",18,0.65
"1974","URXOP5",19,0.64
"1975","URXOP5",20,0.63
"1976","URXOP5",21,0.639
"1977","URXOP5",22,0.648
"1978","URXOP5",23,0.657
"1979","URXOP5",24,0.666
"1980","URXOP5",25,0.675
"1981","URXOP5",26,0.684
"1982","URXOP5",27,0.693
"1983","URXOP5",28,0.702
"1984","URXOP5",29,0.711
"1985","URXOP5",30,0.72
"1986","URXOP5",31,0.712
"1987","URXOP5",32,0.704
"1988","URXOP5",33,0.696
"1989","URXOP5",34,0.688
"1990","URXOP5",35,0.68
"1991","URXOP5",36,0.672
"1992","URXOP5",37,0.664
"1993","URXOP5",38,0.656
"1994","URXOP5",39,0.648
"1995","URXOP5",40,0.64
"1996","URXOP5",41,0.652
"1997","URXOP5",42,0.664
"1998","URXOP5",43,0.676
"1999","URXOP5",44,0.688
"2000","URXOP5",45,0.7
"2001","URXOP5",46,0.712
"2002","URXOP5",47,0.724
"2003","URXOP5",48,0.736
"2004","URXOP5",49,0.748
"2005","URXOP5",50,0.76
"2006","URXOP5",51,0.742
"2007","URXOP5",52,0.724
"2008","URXOP5",53,0.706
"2009","URXOP5",54,0.688
"2010","URXOP5",55,0.67
"2011","URXOP5",56,0.652
"2012","URXOP5",57,0.634
"2013","URXOP5",58,0.616
"2014","URXOP5",59,0.598
"2015","URXOP5",60,0.58
"2016","URXOP5",61,0.58
"2017","URXOP5",62,0.58
"2018","URXOP5",63,0.58
"2019","URXOP5",64,0.58
"2020","URXOP5",65,0.58
"2021","URXOP5",66,0.58
"2022","URXOP5",67,0.58
"2023","URXOP5",68,0.58
"2024","URXOP5",69,0.58
"2025","URXOP5",70,0.58
"2026","URXOP5",71,0.571
"2027","URXOP5",72,0.562
"2028","URXOP5",73,0.553
"2029","URXOP5",74,0.544
"2030","URXOP5",75,0.535
"2031","URXOP5",76,0.526
"2032","URXOP5",77,0.517
"2033","URXOP5",78,0.508
"2034","URXOP5",79,0.499
"2035","URXOP5",80,0.49
"2036","URXOP5",81,0.477
"2037","URXOP5",82,0.464
"2038","URXOP5",83,0.451
"2039","URXOP5",84,0.438
"2040","URXOP5",85,0.425
"2041","URXOP5",86,0.412
"2042","URXOP5",87,0.399
"2043","URXOP5",88,0.386
"2044","URXOP5",89,0.373
"2045","URXOP5",90,0.36
"2046","URXOP5",91,0.361
"2047","URXOP5",92,0.362
"2048","URXOP5",93,0.363
"2049","URXOP5",94,0.364
"2050","URXOP5",95,0.365
"2051","URXOP5",96,0.366
"2052","URXOP5",97,0.367
"2053","URXOP5",98,0.368
"2054","URXOP5",99,0.369
"2055","URXOP5",100,0.37
"2056","URXOP5",101,0.368
"2057","URXOP5",102,0.366
"2058","URXOP5",103,0.364
"2059","URXOP5",104,0.362
"2060","URXOP5",105,0.36
"2061","URXOP5",106,0.358
"2062","URXOP5",107,0.356
"2063","URXOP5",108,0.354
"2064","URXOP5",109,0.352
"2065","URXOP5",110,0.35
"2066","URXOP5",111,0.346
"2067","URXOP5",112,0.342
"2068","URXOP5",113,0.338
"2069","URXOP5",114,0.334
"2070","URXOP5",115,0.33
"2071","URXOP5",116,0.326
"2072","URXOP5",117,0.322
"2073","URXOP5",118,0.318
"2074","URXOP5",119,0.314
"2075","URXOP5",120,0.31
"2076","URXOP5",121,0.3
"2077","URXOP5",122,0.29
"2078","URXOP5",123,0.28
"2079","URXOP5",124,0.27
"2080","URXOP5",125,0.26
"2081","URXOP5",126,0.25
"2082","URXOP5",127,0.24
"2083","URXOP5",128,0.23
"2084","URXOP5",129,0.22
"2085","URXOP5",130,0.21
"2086","URXOP5",131,0.209
"2087","URXOP5",132,0.208
"2088","URXOP5",133,0.207
"2089","URXOP5",134,0.206
"2090","URXOP5",135,0.205
"2091","URXOP5",136,0.204
"2092","URXOP5",137,0.203
"2093","URXOP5",138,0.202
"2094","URXOP5",139,0.201
"2095","URXOP5",140,0.2
"2096","URXOP5",141,0.204
"2097","URXOP5",142,0.208
"2098","URXOP5",143,0.212
"2099","URXOP5",144,0.216
"2100","URXOP5",145,0.22
"2101","URXOP5",146,0.224
"2102","URXOP5",147,0.228
"2103","URXOP5",148,0.232
"2104","URXOP5",149,0.236
"2105","URXOP5",150,0.24
"2106","URXOP5",151,0.234
"2107","URXOP5",152,0.228
"2108","URXOP5",153,0.222
"2109","URXOP5",154,0.216
"2110","URXOP5",155,0.21
"2111","URXOP5",156,0.204
"2112","URXOP5",157,0.198
"2113","URXOP5",158,0.192
"2114","URXOP5",159,0.186
"2115","URXOP5",160,0.18
"2116","URXOP5",161,0.184
"2117","URXOP5",162,0.188
"2118","URXOP5",163,0.192
"2119","URXOP5",164,0.196
"2120","URXOP5",165,0.2
"2121","URXOP5",166,0.204
"2122","URXOP5",167,0.208
"2123","URXOP5",168,0.212
"2124","URXOP5",169,0.216
"2125","URXOP5",170,0.22
"2126","URXOP5",171,0.222
"2127","URXOP5",172,0.224
"2128","URXOP5",173,0.226
"2129","URXOP5",174,0.228
"2130","URXOP5",175,0.23
"2131","URXOP5",176,0.232
"2132","URXOP5",177,0.234
"2133","URXOP5",178,0.236
"2134","URXOP5",179,0.238
"2135","URXOP5",180,0.24
"2136","URXOP5",181,0.231
"2137","URXOP5",182,0.222
"2138","URXOP5",183,0.213
"2139","URXOP5",184,0.204
"2140","URXOP5",185,0.195
"2141","URXOP5",186,0.186
"2142","URXOP5",187,0.177
"2143","URXOP5",188,0.168
"2144","URXOP5",189,0.159
"2145","URXOP5",190,0.15
"2146","URXOP5",191,0.155
"2147","URXOP5",192,0.16
"2148","URXOP5",193,0.165
"2149","URXOP5",194,0.17
"2150","URXOP5",195,0.175
"2151","URXOP5",196,0.18
"2152","URXOP5",197,0.185
"2153","URXOP5",198,0.19
"2154","URXOP5",199,0.195
"2155","URXOP5",200,0.2
"2156","URXOP5",201,0.196
"2157","URXOP5",202,0.192
"2158","URXOP5",203,0.188
"2159","URXOP5",204,0.184
"2160","URXOP5",205,0.18
"2161","URXOP5",206,0.176
"2162","URXOP5",207,0.172
"2163","URXOP5",208,0.168
"2164","URXOP5",209,0.164
"2165","URXOP5",210,0.16
"2166","URXOP5",211,0.168
"2167","URXOP5",212,0.176
"2168","URXOP5",213,0.184
"2169","URXOP5",214,0.192
"2170","URXOP5",215,0.2
"2171","URXOP5",216,0.208
"2172","URXOP5",217,0.216
"2173","URXOP5",218,0.224
"2174","URXOP5",219,0.232
"2175","URXOP5",220,0.24
"2176","URXOP5",221,0.24
"2177","URXOP5",222,0.24
"2178","URXOP5",223,0.24
"2179","URXOP5",224,0.24
"2180","URXOP5",225,0.24
"2181","URXOP5",226,0.24
"2182","URXOP5",227,0.24
"2183","URXOP5",228,0.24
"2184","URXOP5",229,0.24
"2185","URXOP5",230,0.24
"2186","URXOP5",231,0.238
"2187","URXOP5",232,0.236
"2188","URXOP5",233,0.234
"2189","URXOP5",234,0.232
"2190","URXOP5",235,0.23
"2191","URXOP5",236,0.228
"2192","URXOP5",237,0.226
"2193","URXOP5",238,0.224
"2194","URXOP5",239,0.222
"2195","URXOP5",240,0.22
"2196","URXOP5",241,0.215
"2197","URXOP5",242,0.21
"2198","URXOP5",243,0.205
"2199","URXOP5",244,0.2
"2200","URXOP5",245,0.195
"2201","URXOP5",246,0.19
"2202","URXOP5",247,0.185
"2203","URXOP5",248,0.18
"2204","URXOP5",249,0.175
"2205","URXOP5",250,0.17
"2206","URXOP5",251,0.17
"2207","URXOP5",252,0.17
"2208","URXOP5",253,0.17
"2209","URXOP5",254,0.17
"2210","URXOP5",255,0.17
"2211","URXOP5",256,0.17
"2212","URXOP5",257,0.17
"2213","URXOP5",258,0.17
"2214","URXOP5",259,0.17
"2215","URXOP5",260,0.17
"2216","URXOP5",261,0.167
"2217","URXOP5",262,0.164
"2218","URXOP5",263,0.161
"2219","URXOP5",264,0.158
"2220","URXOP5",265,0.155
"2221","URXOP5",266,0.152
"2222","URXOP5",267,0.149
"2223","URXOP5",268,0.146
"2224","URXOP5",269,0.143
"2225","URXOP5",270,0.14
"2226","URXOP5",271,0.15
"2227","URXOP5",272,0.16
"2228","URXOP5",273,0.17
"2229","URXOP5",274,0.18
"2230","URXOP5",275,0.19
"2231","URXOP5",276,0.2
"2232","URXOP5",277,0.21
"2233","URXOP5",278,0.22
"2234","URXOP5",279,0.23
"2235","URXOP5",280,0.24
"2236","URXOP5",281,0.233
"2237","URXOP5",282,0.226
"2238","URXOP5",283,0.219
"2239","URXOP5",284,0.212
"2240","URXOP5",285,0.205
"2241","URXOP5",286,0.198
"2242","URXOP5",287,0.191
"2243","URXOP5",288,0.184
"2244","URXOP5",289,0.177
"2245","URXOP5",290,0.17
"2246","URXOP5",291,0.175
"2247","URXOP5",292,0.18
"2248","URXOP5",293,0.185
"2249","URXOP5",294,0.19
"2250","URXOP5",295,0.195
"2251","URXOP5",296,0.2
"2252","URXOP5",297,0.205
"2253","URXOP5",298,0.21
"2254","URXOP5",299,0.215
"2255","URXOP5",300,0.22
"2256","URXOP5",301,0.22
"2257","URXOP5",302,0.22
"2258","URXOP5",303,0.22
"2259","URXOP5",304,0.22
"2260","URXOP5",305,0.22
"2261","URXOP5",306,0.22
"2262","URXOP5",307,0.22
"2263","URXOP5",308,0.22
"2264","URXOP5",309,0.22
"2265","URXOP5",310,0.22
"2266","URXOP5",311,0.217
"2267","URXOP5",312,0.214
"2268","URXOP5",313,0.211
"2269","URXOP5",314,0.208
"2270","URXOP5",315,0.205
"2271","URXOP5",316,0.202
"2272","URXOP5",317,0.199
"2273","URXOP5",318,0.196
"2274","URXOP5",319,0.193
"2275","URXOP5",320,0.19
"2276","URXOP5",321,0.196
"2277","URXOP5",322,0.202
"2278","URXOP5",323,0.208
"2279","URXOP5",324,0.214
"2280","URXOP5",325,0.22
"2281","URXOP5",326,0.226
"2282","URXOP5",327,0.232
"2283","URXOP5",328,0.238
"2284","URXOP5",329,0.244
"2285","URXOP5",330,0.25
"2286","URXOP5",331,0.246
"2287","URXOP5",332,0.242
"2288","URXOP5",333,0.238
"2289","URXOP5",334,0.234
"2290","URXOP5",335,0.23
"2291","URXOP5",336,0.226
"2292","URXOP5",337,0.222
"2293","URXOP5",338,0.218
"2294","URXOP5",339,0.214
"2295","URXOP5",340,0.21
"2296","URXOP5",341,0.214
"2297","URXOP5",342,0.218
"2298","URXOP5",343,0.222
"2299","URXOP5",344,0.226
"2300","URXOP5",345,0.23
"2301","URXOP5",346,0.234
"2302","URXOP5",347,0.238
"2303","URXOP5",348,0.242
"2304","URXOP5",349,0.246
"2305","URXOP5",350,0.25
"2306","URXOP5",351,0.246
"2307","URXOP5",352,0.242
"2308","URXOP5",353,0.238
"2309","URXOP5",354,0.234
"2310","URXOP5",355,0.23
"2311","URXOP5",356,0.226
"2312","URXOP5",357,0.222
"2313","URXOP5",358,0.218
"2314","URXOP5",359,0.214
"2315","URXOP5",360,0.21
"2316","URXOP5",361,0.213
"2317","URXOP5",362,0.216
"2318","URXOP5",363,0.219
"2319","URXOP5",364,0.222
"2320","URXOP5",365,0.225
"2321","URXOP5",366,0.228
"2322","URXOP5",367,0.231
"2323","URXOP5",368,0.234
"2324","URXOP5",369,0.237
"2325","URXOP5",370,0.24
"2326","URXOP5",371,0.235
"2327","URXOP5",372,0.23
"2328","URXOP5",373,0.225
"2329","URXOP5",374,0.22
"2330","URXOP5",375,0.215
"2331","URXOP5",376,0.21
"2332","URXOP5",377,0.205
"2333","URXOP5",378,0.2
"2334","URXOP5",379,0.195
"2335","URXOP5",380,0.19
"2336","URXOP5",381,0.188
"2337","URXOP5",382,0.186
"2338","URXOP5",383,0.184
"2339","URXOP5",384,0.182
"2340","URXOP5",385,0.18
"2341","URXOP5",386,0.178
"2342","URXOP5",387,0.176
"2343","URXOP5",388,0.174
"2344","URXOP5",389,0.172
"2345","URXOP5",390,0.17
"2346","URXOP5",391,0.173
"2347","URXOP5",392,0.176
"2348","URXOP5",393,0.179
"2349","URXOP5",394,0.182
"2350","URXOP5",395,0.185
"2351","URXOP5",396,0.188
"2352","URXOP5",397,0.191
"2353","URXOP5",398,0.194
"2354","URXOP5",399,0.197
"2355","URXOP5",400,0.2
"2356","URXOP5",401,0.198
"2357","URXOP5",402,0.196
"2358","URXOP5",403,0.194
"2359","URXOP5",404,0.192
"2360","URXOP5",405,0.19
"2361","URXOP5",406,0.188
"2362","URXOP5",407,0.186
"2363","URXOP5",408,0.184
"2364","URXOP5",409,0.182
"2365","URXOP5",410,0.18
"2366","URXOP5",411,0.185
"2367","URXOP5",412,0.19
"2368","URXOP5",413,0.195
"2369","URXOP5",414,0.2
"2370","URXOP5",415,0.205
"2371","URXOP5",416,0.21
"2372","URXOP5",417,0.215
"2373","URXOP5",418,0.22
"2374","URXOP5",419,0.225
"2375","URXOP5",420,0.23
"2376","URXOP5",421,0.228
"2377","URXOP5",422,0.226
"2378","URXOP5",423,0.224
"2379","URXOP5",424,0.222
"2380","URXOP5",425,0.22
"2381","URXOP5",426,0.218
"2382","URXOP5",427,0.216
"2383","URXOP5",428,0.214
"2384","URXOP5",429,0.212
"2385","URXOP5",430,0.21
"2386","URXOP5",431,0.212
"2387","URXOP5",432,0.214
"2388","URXOP5",433,0.216
"2389","URXOP5",434,0.218
"2390","URXOP5",435,0.22
"2391","URXOP5",436,0.222
"2392","URXOP5",437,0.224
"2393","URXOP5",438,0.226
"2394","URXOP5",439,0.228
"2395","URXOP5",440,0.23
"2396","URXOP5",441,0.224
"2397","URXOP5",442,0.218
"2398","URXOP5",443,0.212
"2399","URXOP5",444,0.206
"2400","URXOP5",445,0.2
"2401","URXOP5",446,0.194
"2402","URXOP5",447,0.188
"2403","URXOP5",448,0.182
"2404","URXOP5",449,0.176
"2405","URXOP5",450,0.17
"2406","URXOP5",451,0.171
"2407","URXOP5",452,0.172
"2408","URXOP5",453,0.173
"2409","URXOP5",454,0.174
"2410","URXOP5",455,0.175
"2411","URXOP5",456,0.176
"2412","URXOP5",457,0.177
"2413","URXOP5",458,0.178
"2414","URXOP5",459,0.179
"2415","URXOP5",460,0.18
"2416","URXOP5",461,0.176
"2417","URXOP5",462,0.172
"2418","URXOP5",463,0.168
"2419","URXOP5",464,0.164
"2420","URXOP5",465,0.16
"2421","URXOP5",466,0.156
"2422","URXOP5",467,0.152
"2423","URXOP5",468,0.148
"2424","URXOP5",469,0.144
"2425","URXOP5",470,0.14
"2426","URXOP5",471,0.146
"2427","URXOP5",472,0.152
"2428","URXOP5",473,0.158
"2429","URXOP5",474,0.164
"2430","URXOP5",475,0.17
"2431","URXOP5",476,0.176
"2432","URXOP5",477,0.182
"2433","URXOP5",478,0.188
"2434","URXOP5",479,0.194
"2435","URXOP5",480,0.2
"2436","URXOP5",481,0.192
"2437","URXOP5",482,0.184
"2438","URXOP5",483,0.176
"2439","URXOP5",484,0.168
"2440","URXOP5",485,0.16
"2441","URXOP5",486,0.152
"2442","URXOP5",487,0.144
"2443","URXOP5",488,0.136
"2444","URXOP5",489,0.128
"2445","URXOP5",490,0.12
"2446","URXOP5",491,0.124
"2447","URXOP5",492,0.128
"2448","URXOP5",493,0.132
"2449","URXOP5",494,0.136
"2450","URXOP5",495,0.14
"2451","URXOP5",496,0.144
"2452","URXOP5",497,0.148
"2453","URXOP5",498,0.152
"2454","URXOP5",499,0.156
"2455","URXOP5",500,0.16
"2456","URXOP6",10,0.68
"2457","URXOP6",11,0.676
"2458","URXOP6",12,0.672
"2459","URXOP6",13,0.668
"2460","URXOP6",14,0.664
"2461","URXOP6",15,0.66
"2462","URXOP6",16,0.656
"2463","URXOP6",17,0.652
"2464","URXOP6",18,0.648
"2465","URXOP6",19,0.644
"2466","URXOP6",20,0.64
"2467","URXOP6",21,0.651
"2468","URXOP6",22,0.662
"2469","URXOP6",23,0.673
"2470","URXOP6",24,0.684
"2471","URXOP6",25,0.695
"2472","URXOP6",26,0.706
"2473","URXOP6",27,0.717
"2474","URXOP6",28,0.728
"2475","URXOP6",29,0.739
"2476","URXOP6",30,0.75
"2477","URXOP6",31,0.752
"2478","URXOP6",32,0.754
"2479","URXOP6",33,0.756
"2480","URXOP6",34,0.758
"2481","URXOP6",35,0.76
"2482","URXOP6",36,0.762
"2483","URXOP6",37,0.764
"2484","URXOP6",38,0.766
"2485","URXOP6",39,0.768
"2486","URXOP6",40,0.77
"2487","URXOP6",41,0.78
"2488","URXOP6",42,0.79
"2489","URXOP6",43,0.8
"2490","URXOP6",44,0.81
"2491","URXOP6",45,0.82
"2492","URXOP6",46,0.83
"2493","URXOP6",47,0.84
"2494","URXOP6",48,0.85
"2495","URXOP6",49,0.86
"2496","URXOP6",50,0.87
"2497","URXOP6",51,0.875
"2498","URXOP6",52,0.88
"2499","URXOP6",53,0.885
"2500","URXOP6",54,0.89
"2501","URXOP6",55,0.895
"2502","URXOP6",56,0.9
"2503","URXOP6",57,0.905
"2504","URXOP6",58,0.91
"2505","URXOP6",59,0.915
"2506","URXOP6",60,0.92
"2507","URXOP6",61,0.924
"2508","URXOP6",62,0.928
"2509","URXOP6",63,0.932
"2510","URXOP6",64,0.936
"2511","URXOP6",65,0.94
"2512","URXOP6",66,0.944
"2513","URXOP6",67,0.948
"2514","URXOP6",68,0.952
"2515","URXOP6",69,0.956
"2516","URXOP6",70,0.96
"2517","URXOP6",71,0.958
"2518","URXOP6",72,0.956
"2519","URXOP6",73,0.954
"2520","URXOP6",74,0.952
"2521","URXOP6",75,0.95
"2522","URXOP6",76,0.948
"2523","URXOP6",77,0.946
"2524","URXOP6",78,0.944
"2525","URXOP6",79,0.942
"2526","URXOP6",80,0.94
"2527","URXOP6",81,0.943
"2528","URXOP6",82,0.946
"2529","URXOP6",83,0.949
"2530","URXOP6",84,0.952
"2531","URXOP6",85,0.955
"2532","URXOP6",86,0.958
"2533","URXOP6",87,0.961
"2534","URXOP6",88,0.964
"2535","URXOP6",89,0.967
"2536","URXOP6",90,0.97
"2537","URXOP6",91,0.968
"2538","URXOP6",92,0.966
"2539","URXOP6",93,0.964
"2540","URXOP6",94,0.962
"2541","URXOP6",95,0.96
"2542","URXOP6",96,0.958
"2543","URXOP6",97,0.956
"2544","URXOP6",98,0.954
"2545","URXOP6",99,0.952
"2546","URXOP6",100,0.95
"2547","URXOP6",101,0.952
"2548","URXOP6",102,0.954
"2549","URXOP6",103,0.956
"2550","URXOP6",104,0.958
"2551","URXOP6",105,0.96
"2552","URXOP6",106,0.962
"2553","URXOP6",107,0.964
"2554","URXOP6",108,0.966
"2555","URXOP6",109,0.968
"2556","URXOP6",110,0.97
"2557","URXOP6",111,0.966
"2558","URXOP6",112,0.962
"2559","URXOP6",113,0.958
"2560","URXOP6",114,0.954
"2561","URXOP6",115,0.95
"2562","URXOP6",116,0.946
"2563","URXOP6",117,0.942
"2564","URXOP6",118,0.938
"2565","URXOP6",119,0.934
"2566","URXOP6",120,0.93
"2567","URXOP6",121,0.924
"2568","URXOP6",122,0.918
"2569","URXOP6",123,0.912
"2570","URXOP6",124,0.906
"2571","URXOP6",125,0.9
"2572","URXOP6",126,0.894
"2573","URXOP6",127,0.888
"2574","URXOP6",128,0.882
"2575","URXOP6",129,0.876
"2576","URXOP6",130,0.87
"2577","URXOP6",131,0.874
"2578","URXOP6",132,0.878
"2579","URXOP6",133,0.882
"2580","URXOP6",134,0.886
"2581","URXOP6",135,0.89
"2582","URXOP6",136,0.894
"2583","URXOP6",137,0.898
"2584","URXOP6",138,0.902
"2585","URXOP6",139,0.906
"2586","URXOP6",140,0.91
"2587","URXOP6",141,0.907
"2588","URXOP6",142,0.904
"2589","URXOP6",143,0.901
"2590","URXOP6",144,0.898
"2591","URXOP6",145,0.895
"2592","URXOP6",146,0.892
"2593","URXOP6",147,0.889
"2594","URXOP6",148,0.886
"2595","URXOP6",149,0.883
"2596","URXOP6",150,0.88
"2597","URXOP6",151,0.881
"2598","URXOP6",152,0.882
"2599","URXOP6",153,0.883
"2600","URXOP6",154,0.884
"2601","URXOP6",155,0.885
"2602","URXOP6",156,0.886
"2603","URXOP6",157,0.887
"2604","URXOP6",158,0.888
"2605","URXOP6",159,0.889
"2606","URXOP6",160,0.89
"2607","URXOP6",161,0.888
"2608","URXOP6",162,0.886
"2609","URXOP6",163,0.884
"2610","URXOP6",164,0.882
"2611","URXOP6",165,0.88
"2612","URXOP6",166,0.878
"2613","URXOP6",167,0.876
"2614","URXOP6",168,0.874
"2615","URXOP6",169,0.872
"2616","URXOP6",170,0.87
"2617","URXOP6",171,0.87
"2618","URXOP6",172,0.87
"2619","URXOP6",173,0.87
"2620","URXOP6",174,0.87
"2621","URXOP6",175,0.87
"2622","URXOP6",176,0.87
"2623","URXOP6",177,0.87
"2624","URXOP6",178,0.87
"2625","URXOP6",179,0.87
"2626","URXOP6",180,0.87
"2627","URXOP6",181,0.861
"2628","URXOP6",182,0.852
"2629","URXOP6",183,0.843
"2630","URXOP6",184,0.834
"2631","URXOP6",185,0.825
"2632","URXOP6",186,0.816
"2633","URXOP6",187,0.807
"2634","URXOP6",188,0.798
"2635","URXOP6",189,0.789
"2636","URXOP6",190,0.78
"2637","URXOP6",191,0.784
"2638","URXOP6",192,0.788
"2639","URXOP6",193,0.792
"2640","URXOP6",194,0.796
"2641","URXOP6",195,0.8
"2642","URXOP6",196,0.804
"2643","URXOP6",197,0.808
"2644","URXOP6",198,0.812
"2645","URXOP6",199,0.816
"2646","URXOP6",200,0.82
"2647","URXOP6",201,0.813
"2648","URXOP6",202,0.806
"2649","URXOP6",203,0.799
"2650","URXOP6",204,0.792
"2651","URXOP6",205,0.785
"2652","URXOP6",206,0.778
"2653","URXOP6",207,0.771
"2654","URXOP6",208,0.764
"2655","URXOP6",209,0.757
"2656","URXOP6",210,0.75
"2657","URXOP6",211,0.758
"2658","URXOP6",212,0.766
"2659","URXOP6",213,0.774
"2660","URXOP6",214,0.782
"2661","URXOP6",215,0.79
"2662","URXOP6",216,0.798
"2663","URXOP6",217,0.806
"2664","URXOP6",218,0.814
"2665","URXOP6",219,0.822
"2666","URXOP6",220,0.83
"2667","URXOP6",221,0.824
"2668","URXOP6",222,0.818
"2669","URXOP6",223,0.812
"2670","URXOP6",224,0.806
"2671","URXOP6",225,0.8
"2672","URXOP6",226,0.794
"2673","URXOP6",227,0.788
"2674","URXOP6",228,0.782
"2675","URXOP6",229,0.776
"2676","URXOP6",230,0.77
"2677","URXOP6",231,0.775
"2678","URXOP6",232,0.78
"2679","URXOP6",233,0.785
"2680","URXOP6",234,0.79
"2681","URXOP6",235,0.795
"2682","URXOP6",236,0.8
"2683","URXOP6",237,0.805
"2684","URXOP6",238,0.81
"2685","URXOP6",239,0.815
"2686","URXOP6",240,0.82
"2687","URXOP6",241,0.814
"2688","URXOP6",242,0.808
"2689","URXOP6",243,0.802
"2690","URXOP6",244,0.796
"2691","URXOP6",245,0.79
"2692","URXOP6",246,0.784
"2693","URXOP6",247,0.778
"2694","URXOP6",248,0.772
"2695","URXOP6",249,0.766
"2696","URXOP6",250,0.76
"2697","URXOP6",251,0.764
"2698","URXOP6",252,0.768
"2699","URXOP6",253,0.772
"2700","URXOP6",254,0.776
"2701","URXOP6",255,0.78
"2702","URXOP6",256,0.784
"2703","URXOP6",257,0.788
"2704","URXOP6",258,0.792
"2705","URXOP6",259,0.796
"2706","URXOP6",260,0.8
"2707","URXOP6",261,0.789
"2708","URXOP6",262,0.778
"2709","URXOP6",263,0.767
"2710","URXOP6",264,0.756
"2711","URXOP6",265,0.745
"2712","URXOP6",266,0.734
"2713","URXOP6",267,0.723
"2714","URXOP6",268,0.712
"2715","URXOP6",269,0.701
"2716","URXOP6",270,0.69
"2717","URXOP6",271,0.701
"2718","URXOP6",272,0.712
"2719","URXOP6",273,0.723
"2720","URXOP6",274,0.734
"2721","URXOP6",275,0.745
"2722","URXOP6",276,0.756
"2723","URXOP6",277,0.767
"2724","URXOP6",278,0.778
"2725","URXOP6",279,0.789
"2726","URXOP6",280,0.8
"2727","URXOP6",281,0.793
"2728","URXOP6",282,0.786
"2729","URXOP6",283,0.779
"2730","URXOP6",284,0.772
"2731","URXOP6",285,0.765
"2732","URXOP6",286,0.758
"2733","URXOP6",287,0.751
"2734","URXOP6",288,0.744
"2735","URXOP6",289,0.737
"2736","URXOP6",290,0.73
"2737","URXOP6",291,0.728
"2738","URXOP6",292,0.726
"2739","URXOP6",293,0.724
"2740","URXOP6",294,0.722
"2741","URXOP6",295,0.72
"2742","URXOP6",296,0.718
"2743","URXOP6",297,0.716
"2744","URXOP6",298,0.714
"2745","URXOP6",299,0.712
"2746","URXOP6",300,0.71
"2747","URXOP6",301,0.706
"2748","URXOP6",302,0.702
"2749","URXOP6",303,0.698
"2750","URXOP6",304,0.694
"2751","URXOP6",305,0.69
"2752","URXOP6",306,0.686
"2753","URXOP6",307,0.682
"2754","URXOP6",308,0.678
"2755","URXOP6",309,0.674
"2756","URXOP6",310,0.67
"2757","URXOP6",311,0.684
"2758","URXOP6",312,0.698
"2759","URXOP6",313,0.712
"2760","URXOP6",314,0.726
"2761","URXOP6",315,0.74
"2762","URXOP6",316,0.754
"2763","URXOP6",317,0.768
"2764","URXOP6",318,0.782
"2765","URXOP6",319,0.796
"2766","URXOP6",320,0.81
"2767","URXOP6",321,0.8
"2768","URXOP6",322,0.79
"2769","URXOP6",323,0.78
"2770","URXOP6",324,0.77
"2771","URXOP6",325,0.76
"2772","URXOP6",326,0.75
"2773","URXOP6",327,0.74
"2774","URXOP6",328,0.73
"2775","URXOP6",329,0.72
"2776","URXOP6",330,0.71
"2777","URXOP6",331,0.709
"2778","URXOP6",332,0.708
"2779","URXOP6",333,0.707
"2780","URXOP6",334,0.706
"2781","URXOP6",335,0.705
"2782","URXOP6",336,0.704
"2783","URXOP6",337,0.703
"2784","URXOP6",338,0.702
"2785","URXOP6",339,0.701
"2786","URXOP6",340,0.7
"2787","URXOP6",341,0.7
"2788","URXOP6",342,0.7
"2789","URXOP6",343,0.7
"2790","URXOP6",344,0.7
"2791","URXOP6",345,0.7
"2792","URXOP6",346,0.7
"2793","URXOP6",347,0.7
"2794","URXOP6",348,0.7
"2795","URXOP6",349,0.7
"2796","URXOP6",350,0.7
"2797","URXOP6",351,0.691
"2798","URXOP6",352,0.682
"2799","URXOP6",353,0.673
"2800","URXOP6",354,0.664
"2801","URXOP6",355,0.655
"2802","URXOP6",356,0.646
"2803","URXOP6",357,0.637
"2804","URXOP6",358,0.628
"2805","URXOP6",359,0.619
"2806","URXOP6",360,0.61
"2807","URXOP6",361,0.612
"2808","URXOP6",362,0.614
"2809","URXOP6",363,0.616
"2810","URXOP6",364,0.618
"2811","URXOP6",365,0.62
"2812","URXOP6",366,0.622
"2813","URXOP6",367,0.624
"2814","URXOP6",368,0.626
"2815","URXOP6",369,0.628
"2816","URXOP6",370,0.63
"2817","URXOP6",371,0.634
"2818","URXOP6",372,0.638
"2819","URXOP6",373,0.642
"2820","URXOP6",374,0.646
"2821","URXOP6",375,0.65
"2822","URXOP6",376,0.654
"2823","URXOP6",377,0.658
"2824","URXOP6",378,0.662
"2825","URXOP6",379,0.666
"2826","URXOP6",380,0.67
"2827","URXOP6",381,0.67
"2828","URXOP6",382,0.67
"2829","URXOP6",383,0.67
"2830","URXOP6",384,0.67
"2831","URXOP6",385,0.67
"2832","URXOP6",386,0.67
"2833","URXOP6",387,0.67
"2834","URXOP6",388,0.67
"2835","URXOP6",389,0.67
"2836","URXOP6",390,0.67
"2837","URXOP6",391,0.661
"2838","URXOP6",392,0.652
"2839","URXOP6",393,0.643
"2840","URXOP6",394,0.634
"2841","URXOP6",395,0.625
"2842","URXOP6",396,0.616
"2843","URXOP6",397,0.607
"2844","URXOP6",398,0.598
"2845","URXOP6",399,0.589
"2846","URXOP6",400,0.58
"2847","URXOP6",401,0.584
"2848","URXOP6",402,0.588
"2849","URXOP6",403,0.592
"2850","URXOP6",404,0.596
"2851","URXOP6",405,0.6
"2852","URXOP6",406,0.604
"2853","URXOP6",407,0.608
"2854","URXOP6",408,0.612
"2855","URXOP6",409,0.616
"2856","URXOP6",410,0.62
"2857","URXOP6",411,0.621
"2858","URXOP6",412,0.622
"2859","URXOP6",413,0.623
"2860","URXOP6",414,0.624
"2861","URXOP6",415,0.625
"2862","URXOP6",416,0.626
"2863","URXOP6",417,0.627
"2864","URXOP6",418,0.628
"2865","URXOP6",419,0.629
"2866","URXOP6",420,0.63
"2867","URXOP6",421,0.628
"2868","URXOP6",422,0.626
"2869","URXOP6",423,0.624
"2870","URXOP6",424,0.622
"2871","URXOP6",425,0.62
"2872","URXOP6",426,0.618
"2873","URXOP6",427,0.616
"2874","URXOP6",428,0.614
"2875","URXOP6",429,0.612
"2876","URXOP6",430,0.61
"2877","URXOP6",431,0.608
"2878","URXOP6",432,0.606
"2879","URXOP6",433,0.604
"2880","URXOP6",434,0.602
"2881","URXOP6",435,0.6
"2882","URXOP6",436,0.598
"2883","URXOP6",437,0.596
"2884","URXOP6",438,0.594
"2885","URXOP6",439,0.592
"2886","URXOP6",440,0.59
"2887","URXOP6",441,0.593
"2888","URXOP6",442,0.596
"2889","URXOP6",443,0.599
"2890","URXOP6",444,0.602
"2891","URXOP6",445,0.605
"2892","URXOP6",446,0.608
"2893","URXOP6",447,0.611
"2894","URXOP6",448,0.614
"2895","URXOP6",449,0.617
"2896","URXOP6",450,0.62
"2897","URXOP6",451,0.615
"2898","URXOP6",452,0.61
"2899","URXOP6",453,0.605
"2900","URXOP6",454,0.6
"2901","URXOP6",455,0.595
"2902","URXOP6",456,0.59
"2903","URXOP6",457,0.585
"2904","URXOP6",458,0.58
"2905","URXOP6",459,0.575
"2906","URXOP6",460,0.57
"2907","URXOP6",461,0.578
"2908","URXOP6",462,0.586
"2909","URXOP6",463,0.594
"2910","URXOP6",464,0.602
"2911","URXOP6",465,0.61
"2912","URXOP6",466,0.618
"2913","URXOP6",467,0.626
"2914","URXOP6",468,0.634
"2915","URXOP6",469,0.642
"2916","URXOP6",470,0.65
"2917","URXOP6",471,0.645
"2918","URXOP6",472,0.64
"2919","URXOP6",473,0.635
"2920","URXOP6",474,0.63
"2921","URXOP6",475,0.625
"2922","URXOP6",476,0.62
"2923","URXOP6",477,0.615
"2924","URXOP6",478,0.61
"2925","URXOP6",479,0.605
"2926","URXOP6",480,0.6
"2927","URXOP6",481,0.595
"2928","URXOP6",482,0.59
"2929","URXOP6",483,0.585
"2930","URXOP6",484,0.58
"2931","URXOP6",485,0.575
"2932","URXOP6",486,0.57
"2933","URXOP6",487,0.565
"2934","URXOP6",488,0.56
"2935","URXOP6",489,0.555
"2936","URXOP6",490,0.55
"2937","URXOP6",491,0.548
"2938","URXOP6",492,0.546
"2939","URXOP6",493,0.544
"2940","URXOP6",494,0.542
"2941","URXOP6",495,0.54
"2942","URXOP6",496,0.538
"2943","URXOP6",497,0.536
"2944","URXOP6",498,0.534
"2945","URXOP6",499,0.532
"2946","URXOP6",500,0.53
